,Notes,Cancer Sites,Cancer Sites Code,Year,Year Code,States and Puerto Rico,States and Puerto Rico Code,Count,Population,Age-Adjusted Rate
0,,Lung and Bronchus,22030.0,1999.0,1999.0,Alabama,1.0,3339.0,4430141.0,72.8
1,,Lung and Bronchus,22030.0,1999.0,1999.0,Alaska,2.0,275.0,624779.0,79.2
2,,Lung and Bronchus,22030.0,1999.0,1999.0,Arizona,4.0,3047.0,5023823.0,59.6
3,,Lung and Bronchus,22030.0,1999.0,1999.0,California,6.0,17481.0,33499204.0,61.0
4,,Lung and Bronchus,22030.0,1999.0,1999.0,Colorado,8.0,1766.0,4226018.0,51.7
5,,Lung and Bronchus,22030.0,1999.0,1999.0,Connecticut,9.0,2492.0,3386401.0,68.5
6,,Lung and Bronchus,22030.0,1999.0,1999.0,Delaware,10.0,654.0,774990.0,82.3
7,,Lung and Bronchus,22030.0,1999.0,1999.0,District of Columbia,11.0,420.0,570213.0,76.0
8,,Lung and Bronchus,22030.0,1999.0,1999.0,Florida,12.0,15631.0,15759421.0,77.5
9,,Lung and Bronchus,22030.0,1999.0,1999.0,Georgia,13.0,4942.0,8045965.0,74.4
10,,Lung and Bronchus,22030.0,1999.0,1999.0,Hawaii,15.0,687.0,1210300.0,55.3
11,,Lung and Bronchus,22030.0,1999.0,1999.0,Idaho,16.0,629.0,1275674.0,54.4
12,,Lung and Bronchus,22030.0,1999.0,1999.0,Illinois,17.0,8763.0,12359020.0,74.0
13,,Lung and Bronchus,22030.0,1999.0,1999.0,Indiana,18.0,4669.0,6044969.0,78.4
14,,Lung and Bronchus,22030.0,1999.0,1999.0,Iowa,19.0,2203.0,2917634.0,67.6
15,,Lung and Bronchus,22030.0,1999.0,1999.0,Kansas,20.0,1802.0,2678338.0,66.6
16,,Lung and Bronchus,22030.0,1999.0,1999.0,Kentucky,21.0,4050.0,4018053.0,100.2
17,,Lung and Bronchus,22030.0,1999.0,1999.0,Louisiana,22.0,3490.0,4460811.0,84.3
18,,Lung and Bronchus,22030.0,1999.0,1999.0,Maine,23.0,1107.0,1266808.0,78.3
19,,Lung and Bronchus,22030.0,1999.0,1999.0,Maryland,24.0,3697.0,5254509.0,75.4
20,,Lung and Bronchus,22030.0,1999.0,1999.0,Massachusetts,25.0,4804.0,6317345.0,72.9
21,,Lung and Bronchus,22030.0,1999.0,1999.0,Michigan,26.0,7294.0,9897116.0,75.4
22,,Lung and Bronchus,22030.0,1999.0,1999.0,Minnesota,27.0,2647.0,4873481.0,57.2
23,,Lung and Bronchus,22030.0,1999.0,1999.0,Missouri,29.0,4754.0,5561948.0,81.6
24,,Lung and Bronchus,22030.0,1999.0,1999.0,Montana,30.0,601.0,897507.0,63.4
25,,Lung and Bronchus,22030.0,1999.0,1999.0,Nebraska,31.0,1084.0,1704764.0,61.4
26,,Lung and Bronchus,22030.0,1999.0,1999.0,Nevada,32.0,1457.0,1934718.0,81.4
27,,Lung and Bronchus,22030.0,1999.0,1999.0,New Hampshire,33.0,840.0,1222014.0,70.9
28,,Lung and Bronchus,22030.0,1999.0,1999.0,New Jersey,34.0,5963.0,8359592.0,68.6
29,,Lung and Bronchus,22030.0,1999.0,1999.0,New Mexico,35.0,810.0,1808082.0,48.5
30,,Lung and Bronchus,22030.0,1999.0,1999.0,New York,36.0,12672.0,18882725.0,66.3
31,,Lung and Bronchus,22030.0,1999.0,1999.0,North Carolina,37.0,5514.0,7949361.0,70.7
32,,Lung and Bronchus,22030.0,1999.0,1999.0,North Dakota,38.0,374.0,644259.0,53.5
33,,Lung and Bronchus,22030.0,1999.0,1999.0,Ohio,39.0,9171.0,11335454.0,77.8
34,,Lung and Bronchus,22030.0,1999.0,1999.0,Oklahoma,40.0,2853.0,3437147.0,80.5
35,,Lung and Bronchus,22030.0,1999.0,1999.0,Oregon,41.0,2550.0,3393941.0,73.9
36,,Lung and Bronchus,22030.0,1999.0,1999.0,Pennsylvania,42.0,9999.0,12263805.0,69.5
37,,Lung and Bronchus,22030.0,1999.0,1999.0,Rhode Island,44.0,916.0,1040402.0,80.4
38,,Lung and Bronchus,22030.0,1999.0,1999.0,South Carolina,45.0,3004.0,3974682.0,76.5
39,,Lung and Bronchus,22030.0,1999.0,1999.0,Tennessee,47.0,3956.0,5638706.0,69.5
40,,Lung and Bronchus,22030.0,1999.0,1999.0,Texas,48.0,11978.0,20558220.0,71.4
41,,Lung and Bronchus,22030.0,1999.0,1999.0,Utah,49.0,522.0,2203482.0,34.0
42,,Lung and Bronchus,22030.0,1999.0,1999.0,Vermont,50.0,438.0,604683.0,71.3
43,,Lung and Bronchus,22030.0,1999.0,1999.0,Virginia,51.0,4112.0,7000174.0,63.0
44,,Lung and Bronchus,22030.0,1999.0,1999.0,Washington,53.0,3950.0,5842564.0,74.0
45,,Lung and Bronchus,22030.0,1999.0,1999.0,West Virginia,54.0,2033.0,1811799.0,94.9
46,,Lung and Bronchus,22030.0,1999.0,1999.0,Wisconsin,55.0,3603.0,5332666.0,66.5
47,,Lung and Bronchus,22030.0,1999.0,1999.0,Wyoming,56.0,281.0,491780.0,60.5
48,,Lung and Bronchus,22030.0,2000.0,2000.0,Alabama,1.0,3440.0,4452173.0,74.4
49,,Lung and Bronchus,22030.0,2000.0,2000.0,Alaska,2.0,260.0,627963.0,72.2
50,,Lung and Bronchus,22030.0,2000.0,2000.0,Arizona,4.0,3184.0,5160586.0,60.7
51,,Lung and Bronchus,22030.0,2000.0,2000.0,California,6.0,17523.0,33987977.0,60.0
52,,Lung and Bronchus,22030.0,2000.0,2000.0,Colorado,8.0,1885.0,4326921.0,53.6
53,,Lung and Bronchus,22030.0,2000.0,2000.0,Connecticut,9.0,2466.0,3411777.0,67.3
54,,Lung and Bronchus,22030.0,2000.0,2000.0,Delaware,10.0,629.0,786373.0,77.5
55,,Lung and Bronchus,22030.0,2000.0,2000.0,District of Columbia,11.0,356.0,572046.0,64.0
56,,Lung and Bronchus,22030.0,2000.0,2000.0,Florida,12.0,15940.0,16047515.0,77.6
57,,Lung and Bronchus,22030.0,2000.0,2000.0,Georgia,13.0,5280.0,8227303.0,78.0
58,,Lung and Bronchus,22030.0,2000.0,2000.0,Hawaii,15.0,652.0,1213519.0,51.5
59,,Lung and Bronchus,22030.0,2000.0,2000.0,Idaho,16.0,743.0,1299430.0,62.9
60,,Lung and Bronchus,22030.0,2000.0,2000.0,Illinois,17.0,8619.0,12434161.0,72.3
61,,Lung and Bronchus,22030.0,2000.0,2000.0,Indiana,18.0,4671.0,6091866.0,77.7
62,,Lung and Bronchus,22030.0,2000.0,2000.0,Iowa,19.0,2232.0,2929067.0,68.2
63,,Lung and Bronchus,22030.0,2000.0,2000.0,Kansas,20.0,1745.0,2693681.0,64.2
64,,Lung and Bronchus,22030.0,2000.0,2000.0,Kentucky,21.0,4157.0,4049021.0,101.5
65,,Lung and Bronchus,22030.0,2000.0,2000.0,Louisiana,22.0,3433.0,4471885.0,82.0
66,,Lung and Bronchus,22030.0,2000.0,2000.0,Maine,23.0,1173.0,1277072.0,81.5
67,,Lung and Bronchus,22030.0,2000.0,2000.0,Maryland,24.0,3579.0,5311034.0,71.6
68,,Lung and Bronchus,22030.0,2000.0,2000.0,Massachusetts,25.0,4783.0,6361104.0,71.8
69,,Lung and Bronchus,22030.0,2000.0,2000.0,Michigan,26.0,7337.0,9952450.0,75.0
70,,Lung and Bronchus,22030.0,2000.0,2000.0,Minnesota,27.0,2683.0,4933692.0,57.2
71,,Lung and Bronchus,22030.0,2000.0,2000.0,Missouri,29.0,4543.0,5607285.0,77.2
72,,Lung and Bronchus,22030.0,2000.0,2000.0,Montana,30.0,690.0,903773.0,71.7
73,,Lung and Bronchus,22030.0,2000.0,2000.0,Nebraska,31.0,1103.0,1713820.0,62.3
74,,Lung and Bronchus,22030.0,2000.0,2000.0,Nevada,32.0,1581.0,2018741.0,85.4
75,,Lung and Bronchus,22030.0,2000.0,2000.0,New Hampshire,33.0,868.0,1239882.0,71.6
76,,Lung and Bronchus,22030.0,2000.0,2000.0,New Jersey,34.0,6012.0,8430621.0,68.4
77,,Lung and Bronchus,22030.0,2000.0,2000.0,New Mexico,35.0,843.0,1821204.0,49.2
78,,Lung and Bronchus,22030.0,2000.0,2000.0,New York,36.0,13047.0,19001780.0,67.3
79,,Lung and Bronchus,22030.0,2000.0,2000.0,North Carolina,37.0,5685.0,8081614.0,71.7
80,,Lung and Bronchus,22030.0,2000.0,2000.0,North Dakota,38.0,382.0,642023.0,55.3
81,,Lung and Bronchus,22030.0,2000.0,2000.0,Ohio,39.0,8830.0,11363543.0,74.4
82,,Lung and Bronchus,22030.0,2000.0,2000.0,Oklahoma,40.0,2966.0,3454365.0,82.8
83,,Lung and Bronchus,22030.0,2000.0,2000.0,Oregon,41.0,2483.0,3429708.0,71.0
84,,Lung and Bronchus,22030.0,2000.0,2000.0,Pennsylvania,42.0,10093.0,12284173.0,69.8
85,,Lung and Bronchus,22030.0,2000.0,2000.0,Rhode Island,44.0,924.0,1050268.0,80.7
86,,Lung and Bronchus,22030.0,2000.0,2000.0,South Carolina,45.0,2998.0,4024223.0,74.9
87,,Lung and Bronchus,22030.0,2000.0,2000.0,Tennessee,47.0,3991.0,5703719.0,69.3
88,,Lung and Bronchus,22030.0,2000.0,2000.0,Texas,48.0,11996.0,20944499.0,70.0
89,,Lung and Bronchus,22030.0,2000.0,2000.0,Utah,49.0,440.0,2244502.0,28.2
90,,Lung and Bronchus,22030.0,2000.0,2000.0,Vermont,50.0,411.0,609618.0,65.5
91,,Lung and Bronchus,22030.0,2000.0,2000.0,Virginia,51.0,4190.0,7105817.0,63.0
92,,Lung and Bronchus,22030.0,2000.0,2000.0,Washington,53.0,3874.0,5910512.0,71.3
93,,Lung and Bronchus,22030.0,2000.0,2000.0,West Virginia,54.0,1999.0,1807021.0,92.8
94,,Lung and Bronchus,22030.0,2000.0,2000.0,Wisconsin,55.0,3477.0,5373999.0,63.5
95,,Lung and Bronchus,22030.0,2000.0,2000.0,Wyoming,56.0,255.0,494300.0,54.0
96,,Lung and Bronchus,22030.0,2001.0,2001.0,Alabama,1.0,3644.0,4467634.0,77.9
97,,Lung and Bronchus,22030.0,2001.0,2001.0,Alaska,2.0,283.0,633714.0,74.4
98,,Lung and Bronchus,22030.0,2001.0,2001.0,Arizona,4.0,3308.0,5273477.0,61.7
99,,Lung and Bronchus,22030.0,2001.0,2001.0,Arkansas,5.0,2442.0,2691571.0,83.3
100,,Lung and Bronchus,22030.0,2001.0,2001.0,California,6.0,17585.0,34479458.0,59.1
101,,Lung and Bronchus,22030.0,2001.0,2001.0,Colorado,8.0,2019.0,4425687.0,56.3
102,,Lung and Bronchus,22030.0,2001.0,2001.0,Connecticut,9.0,2547.0,3432835.0,68.8
103,,Lung and Bronchus,22030.0,2001.0,2001.0,Delaware,10.0,623.0,795699.0,75.6
104,,Lung and Bronchus,22030.0,2001.0,2001.0,District of Columbia,11.0,407.0,574504.0,73.1
105,,Lung and Bronchus,22030.0,2001.0,2001.0,Florida,12.0,15702.0,16356966.0,75.1
106,,Lung and Bronchus,22030.0,2001.0,2001.0,Georgia,13.0,5375.0,8377038.0,77.8
107,,Lung and Bronchus,22030.0,2001.0,2001.0,Hawaii,15.0,616.0,1225948.0,47.5
108,,Lung and Bronchus,22030.0,2001.0,2001.0,Idaho,16.0,631.0,1319962.0,52.3
109,,Lung and Bronchus,22030.0,2001.0,2001.0,Illinois,17.0,8795.0,12488445.0,73.3
110,,Lung and Bronchus,22030.0,2001.0,2001.0,Indiana,18.0,4874.0,6127760.0,80.5
111,,Lung and Bronchus,22030.0,2001.0,2001.0,Iowa,19.0,2189.0,2931997.0,66.4
112,,Lung and Bronchus,22030.0,2001.0,2001.0,Kansas,20.0,1774.0,2702162.0,64.6
113,,Lung and Bronchus,22030.0,2001.0,2001.0,Kentucky,21.0,4282.0,4068132.0,103.6
114,,Lung and Bronchus,22030.0,2001.0,2001.0,Louisiana,22.0,3504.0,4477875.0,82.8
115,,Lung and Bronchus,22030.0,2001.0,2001.0,Maine,23.0,1203.0,1285692.0,82.3
116,,Lung and Bronchus,22030.0,2001.0,2001.0,Maryland,24.0,3386.0,5374691.0,66.5
117,,Lung and Bronchus,22030.0,2001.0,2001.0,Massachusetts,25.0,4877.0,6397634.0,72.8
118,,Lung and Bronchus,22030.0,2001.0,2001.0,Michigan,26.0,7408.0,9991120.0,74.9
119,,Lung and Bronchus,22030.0,2001.0,2001.0,Minnesota,27.0,2773.0,4982796.0,58.3
120,,Lung and Bronchus,22030.0,2001.0,2001.0,Missouri,29.0,4551.0,5641142.0,76.6
121,,Lung and Bronchus,22030.0,2001.0,2001.0,Montana,30.0,692.0,906961.0,70.7
122,,Lung and Bronchus,22030.0,2001.0,2001.0,Nebraska,31.0,1123.0,1719836.0,63.2
123,,Lung and Bronchus,22030.0,2001.0,2001.0,Nevada,32.0,1556.0,2098399.0,79.6
124,,Lung and Bronchus,22030.0,2001.0,2001.0,New Hampshire,33.0,847.0,1255517.0,68.9
125,,Lung and Bronchus,22030.0,2001.0,2001.0,New Jersey,34.0,6044.0,8492671.0,68.2
126,,Lung and Bronchus,22030.0,2001.0,2001.0,New Mexico,35.0,824.0,1831690.0,46.8
127,,Lung and Bronchus,22030.0,2001.0,2001.0,New York,36.0,12805.0,19082838.0,65.4
128,,Lung and Bronchus,22030.0,2001.0,2001.0,North Carolina,37.0,5603.0,8210122.0,69.6
129,,Lung and Bronchus,22030.0,2001.0,2001.0,North Dakota,38.0,384.0,639062.0,55.0
130,,Lung and Bronchus,22030.0,2001.0,2001.0,Ohio,39.0,9223.0,11387404.0,77.2
131,,Lung and Bronchus,22030.0,2001.0,2001.0,Oklahoma,40.0,3102.0,3467100.0,85.9
132,,Lung and Bronchus,22030.0,2001.0,2001.0,Oregon,41.0,2560.0,3467937.0,72.1
133,,Lung and Bronchus,22030.0,2001.0,2001.0,Pennsylvania,42.0,10341.0,12298970.0,71.4
134,,Lung and Bronchus,22030.0,2001.0,2001.0,Rhode Island,44.0,832.0,1057142.0,72.0
135,,Lung and Bronchus,22030.0,2001.0,2001.0,South Carolina,45.0,3105.0,4064995.0,76.2
136,,Lung and Bronchus,22030.0,2001.0,2001.0,South Dakota,46.0,487.0,757972.0,59.9
137,,Lung and Bronchus,22030.0,2001.0,2001.0,Tennessee,47.0,4082.0,5750789.0,69.7
138,,Lung and Bronchus,22030.0,2001.0,2001.0,Texas,48.0,12382.0,21319622.0,70.9
139,,Lung and Bronchus,22030.0,2001.0,2001.0,Utah,49.0,507.0,2283715.0,31.6
140,,Lung and Bronchus,22030.0,2001.0,2001.0,Vermont,50.0,412.0,612223.0,64.6
141,,Lung and Bronchus,22030.0,2001.0,2001.0,Virginia,51.0,4108.0,7198362.0,60.5
142,,Lung and Bronchus,22030.0,2001.0,2001.0,Washington,53.0,3978.0,5985722.0,72.0
143,,Lung and Bronchus,22030.0,2001.0,2001.0,West Virginia,54.0,2026.0,1801481.0,93.6
144,,Lung and Bronchus,22030.0,2001.0,2001.0,Wisconsin,55.0,3692.0,5406835.0,66.7
145,,Lung and Bronchus,22030.0,2001.0,2001.0,Wyoming,56.0,245.0,494657.0,50.5
146,,Lung and Bronchus,22030.0,2002.0,2002.0,Alabama,1.0,3627.0,4480089.0,76.5
147,,Lung and Bronchus,22030.0,2002.0,2002.0,Alaska,2.0,289.0,642337.0,72.4
148,,Lung and Bronchus,22030.0,2002.0,2002.0,Arizona,4.0,3251.0,5396255.0,59.0
149,,Lung and Bronchus,22030.0,2002.0,2002.0,Arkansas,5.0,2453.0,2705927.0,82.4
150,,Lung and Bronchus,22030.0,2002.0,2002.0,California,6.0,17469.0,34871843.0,57.6
151,,Lung and Bronchus,22030.0,2002.0,2002.0,Colorado,8.0,2064.0,4490406.0,56.4
152,,Lung and Bronchus,22030.0,2002.0,2002.0,Connecticut,9.0,2629.0,3458749.0,70.2
153,,Lung and Bronchus,22030.0,2002.0,2002.0,Delaware,10.0,622.0,806169.0,73.4
154,,Lung and Bronchus,22030.0,2002.0,2002.0,Florida,12.0,15954.0,16689370.0,74.6
155,,Lung and Bronchus,22030.0,2002.0,2002.0,Georgia,13.0,5514.0,8508256.0,77.5
156,,Lung and Bronchus,22030.0,2002.0,2002.0,Hawaii,15.0,684.0,1239613.0,51.6
157,,Lung and Bronchus,22030.0,2002.0,2002.0,Idaho,16.0,683.0,1340372.0,55.3
158,,Lung and Bronchus,22030.0,2002.0,2002.0,Illinois,17.0,9043.0,12525556.0,74.7
159,,Lung and Bronchus,22030.0,2002.0,2002.0,Indiana,18.0,4978.0,6155967.0,81.2
160,,Lung and Bronchus,22030.0,2002.0,2002.0,Iowa,19.0,2228.0,2934234.0,67.2
161,,Lung and Bronchus,22030.0,2002.0,2002.0,Kansas,20.0,1720.0,2713535.0,62.4
162,,Lung and Bronchus,22030.0,2002.0,2002.0,Kentucky,21.0,4304.0,4089875.0,102.6
163,,Lung and Bronchus,22030.0,2002.0,2002.0,Louisiana,22.0,3316.0,4497267.0,77.1
164,,Lung and Bronchus,22030.0,2002.0,2002.0,Maine,23.0,1184.0,1295960.0,79.5
165,,Lung and Bronchus,22030.0,2002.0,2002.0,Maryland,24.0,3614.0,5440389.0,69.5
166,,Lung and Bronchus,22030.0,2002.0,2002.0,Massachusetts,25.0,4937.0,6417206.0,73.0
167,,Lung and Bronchus,22030.0,2002.0,2002.0,Michigan,26.0,7406.0,10015710.0,74.0
168,,Lung and Bronchus,22030.0,2002.0,2002.0,Minnesota,27.0,2826.0,5018935.0,58.5
169,,Lung and Bronchus,22030.0,2002.0,2002.0,Missouri,29.0,4878.0,5674825.0,81.0
170,,Lung and Bronchus,22030.0,2002.0,2002.0,Montana,30.0,667.0,911667.0,67.0
171,,Lung and Bronchus,22030.0,2002.0,2002.0,Nebraska,31.0,1132.0,1728292.0,62.9
172,,Lung and Bronchus,22030.0,2002.0,2002.0,Nevada,32.0,1637.0,2173791.0,80.2
173,,Lung and Bronchus,22030.0,2002.0,2002.0,New Hampshire,33.0,891.0,1269089.0,71.2
174,,Lung and Bronchus,22030.0,2002.0,2002.0,New Jersey,34.0,6077.0,8552643.0,67.7
175,,Lung and Bronchus,22030.0,2002.0,2002.0,New Mexico,35.0,904.0,1855309.0,50.3
176,,Lung and Bronchus,22030.0,2002.0,2002.0,New York,36.0,13021.0,19137800.0,65.7
177,,Lung and Bronchus,22030.0,2002.0,2002.0,North Carolina,37.0,6000.0,8326201.0,72.6
178,,Lung and Bronchus,22030.0,2002.0,2002.0,North Dakota,38.0,420.0,638168.0,59.3
179,,Lung and Bronchus,22030.0,2002.0,2002.0,Ohio,39.0,9224.0,11407889.0,76.4
180,,Lung and Bronchus,22030.0,2002.0,2002.0,Oklahoma,40.0,3138.0,3489080.0,85.8
181,,Lung and Bronchus,22030.0,2002.0,2002.0,Oregon,41.0,2582.0,3513424.0,71.1
182,,Lung and Bronchus,22030.0,2002.0,2002.0,Pennsylvania,42.0,10477.0,12331031.0,71.6
183,,Lung and Bronchus,22030.0,2002.0,2002.0,Rhode Island,44.0,907.0,1065995.0,78.1
184,,Lung and Bronchus,22030.0,2002.0,2002.0,South Carolina,45.0,3162.0,4107795.0,76.1
185,,Lung and Bronchus,22030.0,2002.0,2002.0,South Dakota,46.0,516.0,760020.0,62.2
186,,Lung and Bronchus,22030.0,2002.0,2002.0,Tennessee,47.0,4308.0,5795918.0,72.1
187,,Lung and Bronchus,22030.0,2002.0,2002.0,Texas,48.0,12584.0,21690325.0,70.5
188,,Lung and Bronchus,22030.0,2002.0,2002.0,Utah,49.0,485.0,2324815.0,29.5
189,,Lung and Bronchus,22030.0,2002.0,2002.0,Vermont,50.0,391.0,615442.0,60.2
190,,Lung and Bronchus,22030.0,2002.0,2002.0,Virginia,51.0,4413.0,7286873.0,63.7
191,,Lung and Bronchus,22030.0,2002.0,2002.0,Washington,53.0,3901.0,6052349.0,69.0
192,,Lung and Bronchus,22030.0,2002.0,2002.0,West Virginia,54.0,1996.0,1805414.0,91.1
193,,Lung and Bronchus,22030.0,2002.0,2002.0,Wisconsin,55.0,3612.0,5445162.0,64.2
194,,Lung and Bronchus,22030.0,2002.0,2002.0,Wyoming,56.0,259.0,500017.0,52.1
195,,Lung and Bronchus,22030.0,2003.0,2003.0,Alabama,1.0,3564.0,4503491.0,74.1
196,,Lung and Bronchus,22030.0,2003.0,2003.0,Alaska,2.0,299.0,648414.0,76.6
197,,Lung and Bronchus,22030.0,2003.0,2003.0,Arizona,4.0,3436.0,5510364.0,60.7
198,,Lung and Bronchus,22030.0,2003.0,2003.0,Arkansas,5.0,2467.0,2724816.0,82.1
199,,Lung and Bronchus,22030.0,2003.0,2003.0,California,6.0,17395.0,35253159.0,56.2
200,,Lung and Bronchus,22030.0,2003.0,2003.0,Colorado,8.0,2041.0,4528732.0,54.2
201,,Lung and Bronchus,22030.0,2003.0,2003.0,Connecticut,9.0,2667.0,3484336.0,70.2
202,,Lung and Bronchus,22030.0,2003.0,2003.0,Delaware,10.0,738.0,818003.0,85.0
203,,Lung and Bronchus,22030.0,2003.0,2003.0,District of Columbia,11.0,374.0,568502.0,66.7
204,,Lung and Bronchus,22030.0,2003.0,2003.0,Florida,12.0,15982.0,17004085.0,73.5
205,,Lung and Bronchus,22030.0,2003.0,2003.0,Georgia,13.0,5542.0,8622793.0,76.1
206,,Lung and Bronchus,22030.0,2003.0,2003.0,Hawaii,15.0,707.0,1251154.0,52.0
207,,Lung and Bronchus,22030.0,2003.0,2003.0,Idaho,16.0,763.0,1363380.0,60.1
208,,Lung and Bronchus,22030.0,2003.0,2003.0,Illinois,17.0,9090.0,12556006.0,74.2
209,,Lung and Bronchus,22030.0,2003.0,2003.0,Indiana,18.0,5086.0,6196638.0,81.5
210,,Lung and Bronchus,22030.0,2003.0,2003.0,Iowa,19.0,2344.0,2941999.0,70.1
211,,Lung and Bronchus,22030.0,2003.0,2003.0,Kansas,20.0,1819.0,2723004.0,65.1
212,,Lung and Bronchus,22030.0,2003.0,2003.0,Kentucky,21.0,4300.0,4117170.0,100.8
213,,Lung and Bronchus,22030.0,2003.0,2003.0,Louisiana,22.0,3512.0,4521042.0,80.6
214,,Lung and Bronchus,22030.0,2003.0,2003.0,Maine,23.0,1223.0,1306513.0,80.8
215,,Lung and Bronchus,22030.0,2003.0,2003.0,Maryland,24.0,3836.0,5496269.0,72.6
216,,Lung and Bronchus,22030.0,2003.0,2003.0,Massachusetts,25.0,4873.0,6422565.0,71.5
217,,Lung and Bronchus,22030.0,2003.0,2003.0,Michigan,26.0,7994.0,10041152.0,78.6
218,,Lung and Bronchus,22030.0,2003.0,2003.0,Minnesota,27.0,2929.0,5053572.0,59.6
219,,Lung and Bronchus,22030.0,2003.0,2003.0,Mississippi,28.0,2313.0,2868312.0,81.0
220,,Lung and Bronchus,22030.0,2003.0,2003.0,Missouri,29.0,5075.0,5709403.0,83.1
221,,Lung and Bronchus,22030.0,2003.0,2003.0,Montana,30.0,675.0,919630.0,66.4
222,,Lung and Bronchus,22030.0,2003.0,2003.0,Nebraska,31.0,1175.0,1738643.0,65.0
223,,Lung and Bronchus,22030.0,2003.0,2003.0,Nevada,32.0,1680.0,2248850.0,78.2
224,,Lung and Bronchus,22030.0,2003.0,2003.0,New Hampshire,33.0,914.0,1279840.0,71.1
225,,Lung and Bronchus,22030.0,2003.0,2003.0,New Jersey,34.0,6010.0,8601402.0,66.3
226,,Lung and Bronchus,22030.0,2003.0,2003.0,New Mexico,35.0,854.0,1877574.0,46.1
227,,Lung and Bronchus,22030.0,2003.0,2003.0,New York,36.0,13013.0,19175939.0,65.0
228,,Lung and Bronchus,22030.0,2003.0,2003.0,North Carolina,37.0,6243.0,8422501.0,73.7
229,,Lung and Bronchus,22030.0,2003.0,2003.0,North Dakota,38.0,446.0,638817.0,63.0
230,,Lung and Bronchus,22030.0,2003.0,2003.0,Ohio,39.0,9184.0,11434788.0,75.1
231,,Lung and Bronchus,22030.0,2003.0,2003.0,Oklahoma,40.0,3055.0,3504892.0,82.5
232,,Lung and Bronchus,22030.0,2003.0,2003.0,Oregon,41.0,2544.0,3547376.0,68.6
233,,Lung and Bronchus,22030.0,2003.0,2003.0,Pennsylvania,42.0,10411.0,12374658.0,70.5
234,,Lung and Bronchus,22030.0,2003.0,2003.0,Rhode Island,44.0,878.0,1071342.0,74.7
235,,Lung and Bronchus,22030.0,2003.0,2003.0,South Carolina,45.0,3264.0,4150297.0,76.4
236,,Lung and Bronchus,22030.0,2003.0,2003.0,South Dakota,46.0,519.0,763729.0,62.2
237,,Lung and Bronchus,22030.0,2003.0,2003.0,Tennessee,47.0,4710.0,5847812.0,77.5
238,,Lung and Bronchus,22030.0,2003.0,2003.0,Texas,48.0,12911.0,22030931.0,70.6
239,,Lung and Bronchus,22030.0,2003.0,2003.0,Utah,49.0,545.0,2360137.0,32.2
240,,Lung and Bronchus,22030.0,2003.0,2003.0,Vermont,50.0,463.0,617858.0,69.9
241,,Lung and Bronchus,22030.0,2003.0,2003.0,Virginia,51.0,5013.0,7366977.0,71.3
242,,Lung and Bronchus,22030.0,2003.0,2003.0,Washington,53.0,4070.0,6104115.0,70.8
243,,Lung and Bronchus,22030.0,2003.0,2003.0,West Virginia,54.0,1905.0,1812295.0,85.5
244,,Lung and Bronchus,22030.0,2003.0,2003.0,Wisconsin,55.0,3725.0,5479203.0,65.3
245,,Lung and Bronchus,22030.0,2003.0,2003.0,Wyoming,56.0,295.0,503453.0,58.1
246,,Lung and Bronchus,22030.0,2004.0,2004.0,Alabama,1.0,3804.0,4530729.0,77.8
247,,Lung and Bronchus,22030.0,2004.0,2004.0,Alaska,2.0,327.0,659286.0,78.9
248,,Lung and Bronchus,22030.0,2004.0,2004.0,Arizona,4.0,3451.0,5652404.0,59.0
249,,Lung and Bronchus,22030.0,2004.0,2004.0,Arkansas,5.0,2525.0,2749686.0,82.5
250,,Lung and Bronchus,22030.0,2004.0,2004.0,California,6.0,17434.0,35574576.0,55.5
251,,Lung and Bronchus,22030.0,2004.0,2004.0,Colorado,8.0,2002.0,4575013.0,51.7
252,,Lung and Bronchus,22030.0,2004.0,2004.0,Connecticut,9.0,2582.0,3496094.0,67.3
253,,Lung and Bronchus,22030.0,2004.0,2004.0,Delaware,10.0,732.0,830803.0,82.0
254,,Lung and Bronchus,22030.0,2004.0,2004.0,District of Columbia,11.0,345.0,567754.0,62.1
255,,Lung and Bronchus,22030.0,2004.0,2004.0,Florida,12.0,16396.0,17415318.0,73.6
256,,Lung and Bronchus,22030.0,2004.0,2004.0,Georgia,13.0,5493.0,8769252.0,73.9
257,,Lung and Bronchus,22030.0,2004.0,2004.0,Hawaii,15.0,773.0,1273569.0,55.6
258,,Lung and Bronchus,22030.0,2004.0,2004.0,Idaho,16.0,775.0,1391802.0,59.0
259,,Lung and Bronchus,22030.0,2004.0,2004.0,Illinois,17.0,8882.0,12589773.0,71.9
260,,Lung and Bronchus,22030.0,2004.0,2004.0,Indiana,18.0,4913.0,6233007.0,78.0
261,,Lung and Bronchus,22030.0,2004.0,2004.0,Iowa,19.0,2285.0,2953635.0,67.7
262,,Lung and Bronchus,22030.0,2004.0,2004.0,Kansas,20.0,1772.0,2734373.0,62.7
263,,Lung and Bronchus,22030.0,2004.0,2004.0,Kentucky,21.0,4464.0,4146101.0,103.0
264,,Lung and Bronchus,22030.0,2004.0,2004.0,Louisiana,22.0,3578.0,4552238.0,81.0
265,,Lung and Bronchus,22030.0,2004.0,2004.0,Maine,23.0,1273.0,1313688.0,82.3
266,,Lung and Bronchus,22030.0,2004.0,2004.0,Maryland,24.0,3726.0,5546935.0,69.3
267,,Lung and Bronchus,22030.0,2004.0,2004.0,Massachusetts,25.0,4961.0,6412281.0,72.2
268,,Lung and Bronchus,22030.0,2004.0,2004.0,Michigan,26.0,7686.0,10055315.0,74.7
269,,Lung and Bronchus,22030.0,2004.0,2004.0,Minnesota,27.0,2917.0,5087713.0,58.4
270,,Lung and Bronchus,22030.0,2004.0,2004.0,Mississippi,28.0,2333.0,2889010.0,80.8
271,,Lung and Bronchus,22030.0,2004.0,2004.0,Missouri,29.0,4977.0,5747741.0,80.6
272,,Lung and Bronchus,22030.0,2004.0,2004.0,Montana,30.0,653.0,930009.0,63.4
273,,Lung and Bronchus,22030.0,2004.0,2004.0,Nebraska,31.0,1235.0,1749370.0,67.2
274,,Lung and Bronchus,22030.0,2004.0,2004.0,Nevada,32.0,1721.0,2346222.0,76.8
275,,Lung and Bronchus,22030.0,2004.0,2004.0,New Hampshire,33.0,986.0,1290121.0,75.2
276,,Lung and Bronchus,22030.0,2004.0,2004.0,New Jersey,34.0,5786.0,8634561.0,63.3
277,,Lung and Bronchus,22030.0,2004.0,2004.0,New Mexico,35.0,903.0,1903808.0,47.6
278,,Lung and Bronchus,22030.0,2004.0,2004.0,New York,36.0,13122.0,19171567.0,64.9
279,,Lung and Bronchus,22030.0,2004.0,2004.0,North Carolina,37.0,6607.0,8553152.0,76.2
280,,Lung and Bronchus,22030.0,2004.0,2004.0,North Dakota,38.0,421.0,644705.0,58.0
281,,Lung and Bronchus,22030.0,2004.0,2004.0,Ohio,39.0,9455.0,11452251.0,76.8
282,,Lung and Bronchus,22030.0,2004.0,2004.0,Oklahoma,40.0,3059.0,3525233.0,81.4
283,,Lung and Bronchus,22030.0,2004.0,2004.0,Oregon,41.0,2640.0,3569463.0,69.7
284,,Lung and Bronchus,22030.0,2004.0,2004.0,Pennsylvania,42.0,10327.0,12410722.0,69.7
285,,Lung and Bronchus,22030.0,2004.0,2004.0,Rhode Island,44.0,903.0,1074579.0,75.5
286,,Lung and Bronchus,22030.0,2004.0,2004.0,South Carolina,45.0,3207.0,4210921.0,73.2
287,,Lung and Bronchus,22030.0,2004.0,2004.0,South Dakota,46.0,523.0,770396.0,61.6
288,,Lung and Bronchus,22030.0,2004.0,2004.0,Tennessee,47.0,5162.0,5910809.0,83.5
289,,Lung and Bronchus,22030.0,2004.0,2004.0,Texas,48.0,12801.0,22394023.0,68.3
290,,Lung and Bronchus,22030.0,2004.0,2004.0,Utah,49.0,511.0,2401580.0,29.5
291,,Lung and Bronchus,22030.0,2004.0,2004.0,Vermont,50.0,441.0,619920.0,65.4
292,,Lung and Bronchus,22030.0,2004.0,2004.0,Virginia,51.0,5084.0,7475575.0,70.6
293,,Lung and Bronchus,22030.0,2004.0,2004.0,Washington,53.0,4053.0,6178645.0,68.5
294,,Lung and Bronchus,22030.0,2004.0,2004.0,West Virginia,54.0,1982.0,1816438.0,88.8
295,,Lung and Bronchus,22030.0,2004.0,2004.0,Wisconsin,55.0,3780.0,5514026.0,65.3
296,,Lung and Bronchus,22030.0,2004.0,2004.0,Wyoming,56.0,276.0,509106.0,53.6
297,,Lung and Bronchus,22030.0,2005.0,2005.0,Alabama,1.0,3763.0,4565917.0,76.0
298,,Lung and Bronchus,22030.0,2005.0,2005.0,Alaska,2.0,337.0,666946.0,79.2
299,,Lung and Bronchus,22030.0,2005.0,2005.0,Arizona,4.0,3567.0,5839077.0,58.6
300,,Lung and Bronchus,22030.0,2005.0,2005.0,Arkansas,5.0,2609.0,2781097.0,83.9
301,,Lung and Bronchus,22030.0,2005.0,2005.0,California,6.0,17553.0,35827943.0,54.8
302,,Lung and Bronchus,22030.0,2005.0,2005.0,Colorado,8.0,1992.0,4631888.0,50.0
303,,Lung and Bronchus,22030.0,2005.0,2005.0,Connecticut,9.0,2621.0,3506956.0,67.6
304,,Lung and Bronchus,22030.0,2005.0,2005.0,Delaware,10.0,783.0,845150.0,84.9
305,,Lung and Bronchus,22030.0,2005.0,2005.0,District of Columbia,11.0,356.0,567136.0,63.6
306,,Lung and Bronchus,22030.0,2005.0,2005.0,Florida,12.0,16491.0,17842038.0,72.2
307,,Lung and Bronchus,22030.0,2005.0,2005.0,Georgia,13.0,5649.0,8925922.0,73.7
308,,Lung and Bronchus,22030.0,2005.0,2005.0,Hawaii,15.0,774.0,1292729.0,54.3
309,,Lung and Bronchus,22030.0,2005.0,2005.0,Idaho,16.0,818.0,1428241.0,60.3
310,,Lung and Bronchus,22030.0,2005.0,2005.0,Illinois,17.0,9052.0,12609903.0,72.4
311,,Lung and Bronchus,22030.0,2005.0,2005.0,Indiana,18.0,5066.0,6278616.0,79.2
312,,Lung and Bronchus,22030.0,2005.0,2005.0,Iowa,19.0,2421.0,2964454.0,70.9
313,,Lung and Bronchus,22030.0,2005.0,2005.0,Kansas,20.0,1887.0,2745299.0,65.8
314,,Lung and Bronchus,22030.0,2005.0,2005.0,Kentucky,21.0,4460.0,4182742.0,101.0
315,,Lung and Bronchus,22030.0,2005.0,2005.0,Louisiana,22.0,3416.0,4411396.0,78.1
316,,Lung and Bronchus,22030.0,2005.0,2005.0,Maine,23.0,1265.0,1318787.0,80.4
317,,Lung and Bronchus,22030.0,2005.0,2005.0,Maryland,24.0,3752.0,5592379.0,68.9
318,,Lung and Bronchus,22030.0,2005.0,2005.0,Massachusetts,25.0,5182.0,6403290.0,74.8
319,,Lung and Bronchus,22030.0,2005.0,2005.0,Michigan,26.0,7880.0,10051137.0,75.8
320,,Lung and Bronchus,22030.0,2005.0,2005.0,Minnesota,27.0,2923.0,5119598.0,57.5
321,,Lung and Bronchus,22030.0,2005.0,2005.0,Mississippi,28.0,2272.0,2876229.0,77.7
322,,Lung and Bronchus,22030.0,2005.0,2005.0,Missouri,29.0,5250.0,5790300.0,83.7
323,,Lung and Bronchus,22030.0,2005.0,2005.0,Montana,30.0,745.0,940102.0,70.7
324,,Lung and Bronchus,22030.0,2005.0,2005.0,Nebraska,31.0,1202.0,1761497.0,64.7
325,,Lung and Bronchus,22030.0,2005.0,2005.0,Nevada,32.0,1632.0,2432143.0,71.4
326,,Lung and Bronchus,22030.0,2005.0,2005.0,New Hampshire,33.0,1032.0,1298492.0,76.4
327,,Lung and Bronchus,22030.0,2005.0,2005.0,New Jersey,34.0,6118.0,8651974.0,66.5
328,,Lung and Bronchus,22030.0,2005.0,2005.0,New Mexico,35.0,956.0,1932274.0,48.7
329,,Lung and Bronchus,22030.0,2005.0,2005.0,New York,36.0,13183.0,19132610.0,64.8
330,,Lung and Bronchus,22030.0,2005.0,2005.0,North Carolina,37.0,6982.0,8705407.0,78.4
331,,Lung and Bronchus,22030.0,2005.0,2005.0,North Dakota,38.0,458.0,646089.0,62.9
332,,Lung and Bronchus,22030.0,2005.0,2005.0,Ohio,39.0,9560.0,11463320.0,76.9
333,,Lung and Bronchus,22030.0,2005.0,2005.0,Oklahoma,40.0,3120.0,3548597.0,82.0
334,,Lung and Bronchus,22030.0,2005.0,2005.0,Oregon,41.0,2715.0,3613202.0,70.1
335,,Lung and Bronchus,22030.0,2005.0,2005.0,Pennsylvania,42.0,10694.0,12449990.0,71.7
336,,Lung and Bronchus,22030.0,2005.0,2005.0,Rhode Island,44.0,876.0,1067916.0,74.5
337,,Lung and Bronchus,22030.0,2005.0,2005.0,South Carolina,45.0,3453.0,4270150.0,76.9
338,,Lung and Bronchus,22030.0,2005.0,2005.0,South Dakota,46.0,526.0,775493.0,60.8
339,,Lung and Bronchus,22030.0,2005.0,2005.0,Tennessee,47.0,5313.0,5991057.0,83.9
340,,Lung and Bronchus,22030.0,2005.0,2005.0,Texas,48.0,13152.0,22773020.0,68.3
341,,Lung and Bronchus,22030.0,2005.0,2005.0,Utah,49.0,560.0,2457719.0,31.4
342,,Lung and Bronchus,22030.0,2005.0,2005.0,Vermont,50.0,478.0,621215.0,70.2
343,,Lung and Bronchus,22030.0,2005.0,2005.0,Virginia,51.0,5227.0,7577105.0,70.9
344,,Lung and Bronchus,22030.0,2005.0,2005.0,Washington,53.0,4127.0,6257305.0,68.3
345,,Lung and Bronchus,22030.0,2005.0,2005.0,West Virginia,54.0,2131.0,1820492.0,94.3
346,,Lung and Bronchus,22030.0,2005.0,2005.0,Wisconsin,55.0,3702.0,5546166.0,63.0
347,,Lung and Bronchus,22030.0,2005.0,2005.0,Wyoming,56.0,291.0,514157.0,54.9
348,,Lung and Bronchus,22030.0,2005.0,2005.0,Puerto Rico,72.0,697.0,3821362.0,18.0
349,,Lung and Bronchus,22030.0,2006.0,2006.0,Alabama,1.0,3827.0,4628981.0,75.3
350,,Lung and Bronchus,22030.0,2006.0,2006.0,Alaska,2.0,350.0,675302.0,76.3
351,,Lung and Bronchus,22030.0,2006.0,2006.0,Arizona,4.0,3527.0,6029141.0,56.2
352,,Lung and Bronchus,22030.0,2006.0,2006.0,Arkansas,5.0,2499.0,2821761.0,78.5
353,,Lung and Bronchus,22030.0,2006.0,2006.0,California,6.0,17597.0,36021202.0,54.2
354,,Lung and Bronchus,22030.0,2006.0,2006.0,Colorado,8.0,2032.0,4720423.0,49.2
355,,Lung and Bronchus,22030.0,2006.0,2006.0,Connecticut,9.0,2713.0,3517460.0,69.3
356,,Lung and Bronchus,22030.0,2006.0,2006.0,Delaware,10.0,814.0,859268.0,85.9
357,,Lung and Bronchus,22030.0,2006.0,2006.0,District of Columbia,11.0,354.0,570681.0,63.7
358,,Lung and Bronchus,22030.0,2006.0,2006.0,Florida,12.0,16242.0,18166990.0,69.9
359,,Lung and Bronchus,22030.0,2006.0,2006.0,Georgia,13.0,5868.0,9155813.0,73.4
360,,Lung and Bronchus,22030.0,2006.0,2006.0,Hawaii,15.0,756.0,1309731.0,52.2
361,,Lung and Bronchus,22030.0,2006.0,2006.0,Idaho,16.0,796.0,1468669.0,56.4
362,,Lung and Bronchus,22030.0,2006.0,2006.0,Illinois,17.0,9275.0,12643955.0,73.6
363,,Lung and Bronchus,22030.0,2006.0,2006.0,Indiana,18.0,5297.0,6332669.0,81.8
364,,Lung and Bronchus,22030.0,2006.0,2006.0,Iowa,19.0,2389.0,2982644.0,69.2
365,,Lung and Bronchus,22030.0,2006.0,2006.0,Kansas,20.0,1881.0,2762931.0,65.2
366,,Lung and Bronchus,22030.0,2006.0,2006.0,Kentucky,21.0,4589.0,4219239.0,101.9
367,,Lung and Bronchus,22030.0,2006.0,2006.0,Louisiana,22.0,3421.0,4302665.0,78.7
368,,Lung and Bronchus,22030.0,2006.0,2006.0,Maine,23.0,1279.0,1323619.0,80.7
369,,Lung and Bronchus,22030.0,2006.0,2006.0,Maryland,24.0,3770.0,5627367.0,67.9
370,,Lung and Bronchus,22030.0,2006.0,2006.0,Massachusetts,25.0,5070.0,6410084.0,72.6
371,,Lung and Bronchus,22030.0,2006.0,2006.0,Michigan,26.0,7890.0,10036081.0,74.7
372,,Lung and Bronchus,22030.0,2006.0,2006.0,Minnesota,27.0,2901.0,5163555.0,55.8
373,,Lung and Bronchus,22030.0,2006.0,2006.0,Mississippi,28.0,2359.0,2904978.0,79.4
374,,Lung and Bronchus,22030.0,2006.0,2006.0,Missouri,29.0,5227.0,5842704.0,81.9
375,,Lung and Bronchus,22030.0,2006.0,2006.0,Montana,30.0,714.0,952692.0,65.9
376,,Lung and Bronchus,22030.0,2006.0,2006.0,Nebraska,31.0,1204.0,1772693.0,63.8
377,,Lung and Bronchus,22030.0,2006.0,2006.0,Nevada,32.0,1785.0,2522658.0,74.8
378,,Lung and Bronchus,22030.0,2006.0,2006.0,New Hampshire,33.0,982.0,1308389.0,70.9
379,,Lung and Bronchus,22030.0,2006.0,2006.0,New Jersey,34.0,6135.0,8661679.0,66.1
380,,Lung and Bronchus,22030.0,2006.0,2006.0,New Mexico,35.0,940.0,1962137.0,46.6
381,,Lung and Bronchus,22030.0,2006.0,2006.0,New York,36.0,13346.0,19104631.0,65.3
382,,Lung and Bronchus,22030.0,2006.0,2006.0,North Carolina,37.0,7084.0,8917270.0,77.0
383,,Lung and Bronchus,22030.0,2006.0,2006.0,North Dakota,38.0,405.0,649422.0,55.2
384,,Lung and Bronchus,22030.0,2006.0,2006.0,Ohio,39.0,9653.0,11481213.0,76.6
385,,Lung and Bronchus,22030.0,2006.0,2006.0,Oklahoma,40.0,3200.0,3594090.0,82.5
386,,Lung and Bronchus,22030.0,2006.0,2006.0,Oregon,41.0,2687.0,3670883.0,67.3
387,,Lung and Bronchus,22030.0,2006.0,2006.0,Pennsylvania,42.0,10644.0,12510809.0,70.6
388,,Lung and Bronchus,22030.0,2006.0,2006.0,Rhode Island,44.0,853.0,1063096.0,71.5
389,,Lung and Bronchus,22030.0,2006.0,2006.0,South Carolina,45.0,3476.0,4357847.0,74.4
390,,Lung and Bronchus,22030.0,2006.0,2006.0,South Dakota,46.0,546.0,783033.0,62.1
391,,Lung and Bronchus,22030.0,2006.0,2006.0,Tennessee,47.0,5409.0,6088766.0,83.1
392,,Lung and Bronchus,22030.0,2006.0,2006.0,Texas,48.0,12930.0,23359580.0,65.0
393,,Lung and Bronchus,22030.0,2006.0,2006.0,Utah,49.0,570.0,2525507.0,30.0
394,,Lung and Bronchus,22030.0,2006.0,2006.0,Vermont,50.0,570.0,622892.0,81.7
395,,Lung and Bronchus,22030.0,2006.0,2006.0,Virginia,51.0,5153.0,7673725.0,68.4
396,,Lung and Bronchus,22030.0,2006.0,2006.0,Washington,53.0,4177.0,6370753.0,67.4
397,,Lung and Bronchus,22030.0,2006.0,2006.0,West Virginia,54.0,2097.0,1827912.0,91.4
398,,Lung and Bronchus,22030.0,2006.0,2006.0,Wisconsin,55.0,3818.0,5577655.0,64.2
399,,Lung and Bronchus,22030.0,2006.0,2006.0,Wyoming,56.0,272.0,522667.0,50.7
400,,Lung and Bronchus,22030.0,2006.0,2006.0,Puerto Rico,72.0,685.0,3805214.0,17.4
401,,Lung and Bronchus,22030.0,2007.0,2007.0,Alabama,1.0,3867.0,4672840.0,74.8
402,,Lung and Bronchus,22030.0,2007.0,2007.0,Alaska,2.0,330.0,680300.0,68.8
403,,Lung and Bronchus,22030.0,2007.0,2007.0,Arizona,4.0,3638.0,6167681.0,56.3
404,,Lung and Bronchus,22030.0,2007.0,2007.0,Arkansas,5.0,2703.0,2848650.0,84.0
405,,Lung and Bronchus,22030.0,2007.0,2007.0,California,6.0,17443.0,36250311.0,52.8
406,,Lung and Bronchus,22030.0,2007.0,2007.0,Colorado,8.0,2202.0,4803868.0,51.3
407,,Lung and Bronchus,22030.0,2007.0,2007.0,Connecticut,9.0,2693.0,3527270.0,67.7
408,,Lung and Bronchus,22030.0,2007.0,2007.0,Delaware,10.0,744.0,871749.0,76.2
409,,Lung and Bronchus,22030.0,2007.0,2007.0,District of Columbia,11.0,335.0,574404.0,60.4
410,,Lung and Bronchus,22030.0,2007.0,2007.0,Florida,12.0,16140.0,18367842.0,68.2
411,,Lung and Bronchus,22030.0,2007.0,2007.0,Georgia,13.0,6138.0,9349988.0,74.3
412,,Lung and Bronchus,22030.0,2007.0,2007.0,Hawaii,15.0,795.0,1315675.0,52.8
413,,Lung and Bronchus,22030.0,2007.0,2007.0,Idaho,16.0,823.0,1505105.0,56.4
414,,Lung and Bronchus,22030.0,2007.0,2007.0,Illinois,17.0,9361.0,12695866.0,73.1
415,,Lung and Bronchus,22030.0,2007.0,2007.0,Indiana,18.0,5285.0,6379599.0,79.7
416,,Lung and Bronchus,22030.0,2007.0,2007.0,Iowa,19.0,2415.0,2999212.0,68.8
417,,Lung and Bronchus,22030.0,2007.0,2007.0,Kansas,20.0,1915.0,2783785.0,65.1
418,,Lung and Bronchus,22030.0,2007.0,2007.0,Kentucky,21.0,4613.0,4256672.0,99.7
419,,Lung and Bronchus,22030.0,2007.0,2007.0,Louisiana,22.0,3444.0,4375581.0,77.3
420,,Lung and Bronchus,22030.0,2007.0,2007.0,Maine,23.0,1291.0,1327040.0,78.8
421,,Lung and Bronchus,22030.0,2007.0,2007.0,Maryland,24.0,3776.0,5653408.0,67.1
422,,Lung and Bronchus,22030.0,2007.0,2007.0,Massachusetts,25.0,5070.0,6431559.0,71.8
423,,Lung and Bronchus,22030.0,2007.0,2007.0,Michigan,26.0,8163.0,10001284.0,76.0
424,,Lung and Bronchus,22030.0,2007.0,2007.0,Minnesota,27.0,3057.0,5207203.0,57.9
425,,Lung and Bronchus,22030.0,2007.0,2007.0,Mississippi,28.0,2522.0,2928350.0,83.3
426,,Lung and Bronchus,22030.0,2007.0,2007.0,Missouri,29.0,5083.0,5887612.0,78.4
427,,Lung and Bronchus,22030.0,2007.0,2007.0,Montana,30.0,745.0,964706.0,65.9
428,,Lung and Bronchus,22030.0,2007.0,2007.0,Nebraska,31.0,1290.0,1783440.0,67.3
429,,Lung and Bronchus,22030.0,2007.0,2007.0,Nevada,32.0,1717.0,2601072.0,69.6
430,,Lung and Bronchus,22030.0,2007.0,2007.0,New Hampshire,33.0,999.0,1312540.0,70.8
431,,Lung and Bronchus,22030.0,2007.0,2007.0,New Jersey,34.0,6155.0,8677885.0,65.7
432,,Lung and Bronchus,22030.0,2007.0,2007.0,New Mexico,35.0,979.0,1990070.0,47.4
433,,Lung and Bronchus,22030.0,2007.0,2007.0,New York,36.0,13535.0,19132335.0,65.4
434,,Lung and Bronchus,22030.0,2007.0,2007.0,North Carolina,37.0,7195.0,9118037.0,75.6
435,,Lung and Bronchus,22030.0,2007.0,2007.0,North Dakota,38.0,408.0,652822.0,55.1
436,,Lung and Bronchus,22030.0,2007.0,2007.0,Ohio,39.0,9563.0,11500468.0,74.9
437,,Lung and Bronchus,22030.0,2007.0,2007.0,Oklahoma,40.0,3228.0,3634349.0,81.9
438,,Lung and Bronchus,22030.0,2007.0,2007.0,Oregon,41.0,2644.0,3722417.0,64.5
439,,Lung and Bronchus,22030.0,2007.0,2007.0,Pennsylvania,42.0,10852.0,12563937.0,71.1
440,,Lung and Bronchus,22030.0,2007.0,2007.0,Rhode Island,44.0,924.0,1057315.0,76.6
441,,Lung and Bronchus,22030.0,2007.0,2007.0,South Carolina,45.0,3607.0,4444110.0,75.0
442,,Lung and Bronchus,22030.0,2007.0,2007.0,South Dakota,46.0,556.0,791623.0,61.7
443,,Lung and Bronchus,22030.0,2007.0,2007.0,Tennessee,47.0,5293.0,6175727.0,79.3
444,,Lung and Bronchus,22030.0,2007.0,2007.0,Texas,48.0,13247.0,23831983.0,64.8
445,,Lung and Bronchus,22030.0,2007.0,2007.0,Utah,49.0,551.0,2597746.0,28.6
446,,Lung and Bronchus,22030.0,2007.0,2007.0,Vermont,50.0,522.0,623481.0,72.4
447,,Lung and Bronchus,22030.0,2007.0,2007.0,Virginia,51.0,5078.0,7751000.0,66.0
448,,Lung and Bronchus,22030.0,2007.0,2007.0,Washington,53.0,3961.0,6461587.0,62.0
449,,Lung and Bronchus,22030.0,2007.0,2007.0,West Virginia,54.0,2030.0,1834052.0,87.6
450,,Lung and Bronchus,22030.0,2007.0,2007.0,Wisconsin,55.0,3855.0,5610775.0,63.7
451,,Lung and Bronchus,22030.0,2007.0,2007.0,Wyoming,56.0,271.0,534876.0,49.3
452,,Lung and Bronchus,22030.0,2007.0,2007.0,Puerto Rico,72.0,669.0,3782995.0,16.5
453,,Lung and Bronchus,22030.0,2008.0,2008.0,Alabama,1.0,4128.0,4718206.0,78.2
454,,Lung and Bronchus,22030.0,2008.0,2008.0,Alaska,2.0,349.0,687455.0,71.7
455,,Lung and Bronchus,22030.0,2008.0,2008.0,Arizona,4.0,3639.0,6280362.0,54.7
456,,Lung and Bronchus,22030.0,2008.0,2008.0,Arkansas,5.0,2687.0,2874554.0,81.4
457,,Lung and Bronchus,22030.0,2008.0,2008.0,California,6.0,17321.0,36604337.0,51.0
458,,Lung and Bronchus,22030.0,2008.0,2008.0,Colorado,8.0,2281.0,4889730.0,51.4
459,,Lung and Bronchus,22030.0,2008.0,2008.0,Connecticut,9.0,2711.0,3545579.0,67.2
460,,Lung and Bronchus,22030.0,2008.0,2008.0,Delaware,10.0,773.0,883874.0,77.0
461,,Lung and Bronchus,22030.0,2008.0,2008.0,District of Columbia,11.0,328.0,580236.0,58.7
462,,Lung and Bronchus,22030.0,2008.0,2008.0,Florida,12.0,16596.0,18527305.0,68.5
463,,Lung and Bronchus,22030.0,2008.0,2008.0,Georgia,13.0,6231.0,9504843.0,72.9
464,,Lung and Bronchus,22030.0,2008.0,2008.0,Hawaii,15.0,807.0,1332213.0,52.6
465,,Lung and Bronchus,22030.0,2008.0,2008.0,Idaho,16.0,849.0,1534320.0,56.1
466,,Lung and Bronchus,22030.0,2008.0,2008.0,Illinois,17.0,9394.0,12747038.0,72.0
467,,Lung and Bronchus,22030.0,2008.0,2008.0,Indiana,18.0,5395.0,6424806.0,79.7
468,,Lung and Bronchus,22030.0,2008.0,2008.0,Iowa,19.0,2441.0,3016734.0,69.0
469,,Lung and Bronchus,22030.0,2008.0,2008.0,Kansas,20.0,1914.0,2808076.0,64.2
470,,Lung and Bronchus,22030.0,2008.0,2008.0,Kentucky,21.0,4804.0,4289878.0,101.8
471,,Lung and Bronchus,22030.0,2008.0,2008.0,Louisiana,22.0,3512.0,4435586.0,77.1
472,,Lung and Bronchus,22030.0,2008.0,2008.0,Maine,23.0,1283.0,1330509.0,77.0
473,,Lung and Bronchus,22030.0,2008.0,2008.0,Maryland,24.0,3859.0,5684965.0,67.0
474,,Lung and Bronchus,22030.0,2008.0,2008.0,Massachusetts,25.0,5176.0,6468967.0,72.0
475,,Lung and Bronchus,22030.0,2008.0,2008.0,Michigan,26.0,7873.0,9946889.0,72.0
476,,Lung and Bronchus,22030.0,2008.0,2008.0,Minnesota,27.0,3073.0,5247018.0,56.5
477,,Lung and Bronchus,22030.0,2008.0,2008.0,Mississippi,28.0,2613.0,2947806.0,85.2
478,,Lung and Bronchus,22030.0,2008.0,2008.0,Missouri,29.0,5142.0,5923916.0,77.6
479,,Lung and Bronchus,22030.0,2008.0,2008.0,Montana,30.0,707.0,976415.0,61.3
480,,Lung and Bronchus,22030.0,2008.0,2008.0,Nebraska,31.0,1213.0,1796378.0,62.6
481,,Lung and Bronchus,22030.0,2008.0,2008.0,Nevada,32.0,1785.0,2653630.0,70.4
482,,Lung and Bronchus,22030.0,2008.0,2008.0,New Hampshire,33.0,1034.0,1315906.0,71.2
483,,Lung and Bronchus,22030.0,2008.0,2008.0,New Jersey,34.0,6158.0,8711090.0,64.7
484,,Lung and Bronchus,22030.0,2008.0,2008.0,New Mexico,35.0,968.0,2010662.0,45.5
485,,Lung and Bronchus,22030.0,2008.0,2008.0,New York,36.0,13745.0,19212436.0,65.5
486,,Lung and Bronchus,22030.0,2008.0,2008.0,North Carolina,37.0,7315.0,9309449.0,74.3
487,,Lung and Bronchus,22030.0,2008.0,2008.0,North Dakota,38.0,401.0,657569.0,52.9
488,,Lung and Bronchus,22030.0,2008.0,2008.0,Ohio,39.0,9746.0,11515391.0,74.9
489,,Lung and Bronchus,22030.0,2008.0,2008.0,Oklahoma,40.0,3269.0,3668976.0,81.1
490,,Lung and Bronchus,22030.0,2008.0,2008.0,Oregon,41.0,2757.0,3768748.0,65.6
491,,Lung and Bronchus,22030.0,2008.0,2008.0,Pennsylvania,42.0,10744.0,12612285.0,69.5
492,,Lung and Bronchus,22030.0,2008.0,2008.0,Rhode Island,44.0,920.0,1055003.0,75.2
493,,Lung and Bronchus,22030.0,2008.0,2008.0,South Carolina,45.0,3590.0,4528996.0,71.9
494,,Lung and Bronchus,22030.0,2008.0,2008.0,South Dakota,46.0,555.0,799124.0,61.1
495,,Lung and Bronchus,22030.0,2008.0,2008.0,Tennessee,47.0,5462.0,6247411.0,79.4
496,,Lung and Bronchus,22030.0,2008.0,2008.0,Texas,48.0,13446.0,24309039.0,63.8
497,,Lung and Bronchus,22030.0,2008.0,2008.0,Utah,49.0,513.0,2663029.0,25.5
498,,Lung and Bronchus,22030.0,2008.0,2008.0,Vermont,50.0,496.0,624151.0,68.0
499,,Lung and Bronchus,22030.0,2008.0,2008.0,Virginia,51.0,5352.0,7833496.0,67.9
500,,Lung and Bronchus,22030.0,2008.0,2008.0,Washington,53.0,4214.0,6562231.0,64.4
501,,Lung and Bronchus,22030.0,2008.0,2008.0,West Virginia,54.0,2138.0,1840310.0,90.4
502,,Lung and Bronchus,22030.0,2008.0,2008.0,Wisconsin,55.0,3950.0,5640996.0,63.7
503,,Lung and Bronchus,22030.0,2008.0,2008.0,Wyoming,56.0,302.0,546043.0,52.9
504,,Lung and Bronchus,22030.0,2008.0,2008.0,Puerto Rico,72.0,705.0,3760866.0,17.2
505,,Lung and Bronchus,22030.0,2009.0,2009.0,Alabama,1.0,4053.0,4757938.0,75.4
506,,Lung and Bronchus,22030.0,2009.0,2009.0,Alaska,2.0,365.0,698895.0,72.3
507,,Lung and Bronchus,22030.0,2009.0,2009.0,Arizona,4.0,3891.0,6343154.0,56.8
508,,Lung and Bronchus,22030.0,2009.0,2009.0,Arkansas,5.0,2570.0,2896843.0,76.6
509,,Lung and Bronchus,22030.0,2009.0,2009.0,California,6.0,18035.0,36961229.0,51.9
510,,Lung and Bronchus,22030.0,2009.0,2009.0,Colorado,8.0,2245.0,4972195.0,49.0
511,,Lung and Bronchus,22030.0,2009.0,2009.0,Connecticut,9.0,2665.0,3561807.0,65.3
512,,Lung and Bronchus,22030.0,2009.0,2009.0,Delaware,10.0,746.0,891730.0,73.1
513,,Lung and Bronchus,22030.0,2009.0,2009.0,District of Columbia,11.0,354.0,592228.0,61.8
514,,Lung and Bronchus,22030.0,2009.0,2009.0,Florida,12.0,16545.0,18652644.0,66.8
515,,Lung and Bronchus,22030.0,2009.0,2009.0,Georgia,13.0,6318.0,9620846.0,72.0
516,,Lung and Bronchus,22030.0,2009.0,2009.0,Hawaii,15.0,769.0,1346717.0,48.8
517,,Lung and Bronchus,22030.0,2009.0,2009.0,Idaho,16.0,813.0,1554439.0,52.3
518,,Lung and Bronchus,22030.0,2009.0,2009.0,Illinois,17.0,9617.0,12796778.0,72.8
519,,Lung and Bronchus,22030.0,2009.0,2009.0,Indiana,18.0,5361.0,6459325.0,77.7
520,,Lung and Bronchus,22030.0,2009.0,2009.0,Iowa,19.0,2472.0,3032870.0,68.5
521,,Lung and Bronchus,22030.0,2009.0,2009.0,Kansas,20.0,1931.0,2832704.0,63.3
522,,Lung and Bronchus,22030.0,2009.0,2009.0,Kentucky,21.0,4750.0,4317074.0,99.0
523,,Lung and Bronchus,22030.0,2009.0,2009.0,Louisiana,22.0,3473.0,4491648.0,74.4
524,,Lung and Bronchus,22030.0,2009.0,2009.0,Maine,23.0,1343.0,1329590.0,79.3
525,,Lung and Bronchus,22030.0,2009.0,2009.0,Maryland,24.0,3695.0,5730388.0,62.4
526,,Lung and Bronchus,22030.0,2009.0,2009.0,Massachusetts,25.0,5196.0,6517613.0,71.0
527,,Lung and Bronchus,22030.0,2009.0,2009.0,Michigan,26.0,7775.0,9901591.0,69.8
528,,Lung and Bronchus,22030.0,2009.0,2009.0,Minnesota,27.0,3183.0,5281203.0,57.2
529,,Lung and Bronchus,22030.0,2009.0,2009.0,Mississippi,28.0,2495.0,2958774.0,79.5
530,,Lung and Bronchus,22030.0,2009.0,2009.0,Missouri,29.0,5362.0,5961088.0,79.6
531,,Lung and Bronchus,22030.0,2009.0,2009.0,Montana,30.0,723.0,983982.0,61.4
532,,Lung and Bronchus,22030.0,2009.0,2009.0,Nebraska,31.0,1155.0,1812683.0,58.1
533,,Lung and Bronchus,22030.0,2009.0,2009.0,Nevada,32.0,1725.0,2684665.0,65.1
534,,Lung and Bronchus,22030.0,2009.0,2009.0,New Hampshire,33.0,1039.0,1316102.0,69.9
535,,Lung and Bronchus,22030.0,2009.0,2009.0,New Jersey,34.0,6019.0,8755602.0,62.1
536,,Lung and Bronchus,22030.0,2009.0,2009.0,New Mexico,35.0,965.0,2036802.0,44.0
537,,Lung and Bronchus,22030.0,2009.0,2009.0,New York,36.0,13696.0,19307066.0,64.3
538,,Lung and Bronchus,22030.0,2009.0,2009.0,North Carolina,37.0,7501.0,9449566.0,74.1
539,,Lung and Bronchus,22030.0,2009.0,2009.0,North Dakota,38.0,419.0,664968.0,54.4
540,,Lung and Bronchus,22030.0,2009.0,2009.0,Ohio,39.0,9905.0,11528896.0,75.1
541,,Lung and Bronchus,22030.0,2009.0,2009.0,Oklahoma,40.0,3019.0,3717572.0,74.0
542,,Lung and Bronchus,22030.0,2009.0,2009.0,Oregon,41.0,2733.0,3808600.0,63.7
543,,Lung and Bronchus,22030.0,2009.0,2009.0,Pennsylvania,42.0,10803.0,12666858.0,69.1
544,,Lung and Bronchus,22030.0,2009.0,2009.0,Rhode Island,44.0,908.0,1053646.0,74.7
545,,Lung and Bronchus,22030.0,2009.0,2009.0,South Carolina,45.0,3745.0,4589872.0,73.3
546,,Lung and Bronchus,22030.0,2009.0,2009.0,South Dakota,46.0,545.0,807067.0,58.6
547,,Lung and Bronchus,22030.0,2009.0,2009.0,Tennessee,47.0,5679.0,6306019.0,80.7
548,,Lung and Bronchus,22030.0,2009.0,2009.0,Texas,48.0,12913.0,24801761.0,59.5
549,,Lung and Bronchus,22030.0,2009.0,2009.0,Utah,49.0,627.0,2723421.0,30.3
550,,Lung and Bronchus,22030.0,2009.0,2009.0,Vermont,50.0,530.0,624817.0,71.8
551,,Lung and Bronchus,22030.0,2009.0,2009.0,Virginia,51.0,5440.0,7925937.0,67.0
552,,Lung and Bronchus,22030.0,2009.0,2009.0,Washington,53.0,4321.0,6667426.0,63.7
553,,Lung and Bronchus,22030.0,2009.0,2009.0,West Virginia,54.0,2041.0,1847775.0,85.1
554,,Lung and Bronchus,22030.0,2009.0,2009.0,Wisconsin,55.0,3843.0,5669264.0,60.8
555,,Lung and Bronchus,22030.0,2009.0,2009.0,Wyoming,56.0,306.0,559851.0,52.4
556,,Lung and Bronchus,22030.0,2009.0,2009.0,Puerto Rico,72.0,759.0,3740410.0,18.1
557,,Lung and Bronchus,22030.0,2010.0,2010.0,Alabama,1.0,4033.0,4785161.0,73.2
558,,Lung and Bronchus,22030.0,2010.0,2010.0,Alaska,2.0,361.0,714021.0,68.0
559,,Lung and Bronchus,22030.0,2010.0,2010.0,Arizona,4.0,3663.0,6408208.0,51.7
560,,Lung and Bronchus,22030.0,2010.0,2010.0,Arkansas,5.0,2629.0,2922394.0,76.7
561,,Lung and Bronchus,22030.0,2010.0,2010.0,California,6.0,17287.0,37334079.0,48.5
562,,Lung and Bronchus,22030.0,2010.0,2010.0,Colorado,8.0,2193.0,5048254.0,46.6
563,,Lung and Bronchus,22030.0,2010.0,2010.0,Connecticut,9.0,2657.0,3579717.0,63.6
564,,Lung and Bronchus,22030.0,2010.0,2010.0,Delaware,10.0,738.0,899791.0,70.3
565,,Lung and Bronchus,22030.0,2010.0,2010.0,District of Columbia,11.0,352.0,605126.0,60.5
566,,Lung and Bronchus,22030.0,2010.0,2010.0,Florida,12.0,16547.0,18849890.0,65.3
567,,Lung and Bronchus,22030.0,2010.0,2010.0,Georgia,13.0,6071.0,9713454.0,66.6
568,,Lung and Bronchus,22030.0,2010.0,2010.0,Hawaii,15.0,732.0,1363980.0,45.5
569,,Lung and Bronchus,22030.0,2010.0,2010.0,Idaho,16.0,838.0,1570986.0,52.3
570,,Lung and Bronchus,22030.0,2010.0,2010.0,Illinois,17.0,9286.0,12841249.0,69.2
571,,Lung and Bronchus,22030.0,2010.0,2010.0,Indiana,18.0,5314.0,6490590.0,75.8
572,,Lung and Bronchus,22030.0,2010.0,2010.0,Iowa,19.0,2397.0,3050694.0,66.1
573,,Lung and Bronchus,22030.0,2010.0,2010.0,Kansas,20.0,1939.0,2858824.0,62.4
574,,Lung and Bronchus,22030.0,2010.0,2010.0,Kentucky,21.0,4915.0,4347937.0,100.7
575,,Lung and Bronchus,22030.0,2010.0,2010.0,Louisiana,22.0,3500.0,4544951.0,73.7
576,,Lung and Bronchus,22030.0,2010.0,2010.0,Maine,23.0,1292.0,1327695.0,74.4
577,,Lung and Bronchus,22030.0,2010.0,2010.0,Maryland,24.0,3655.0,5788409.0,60.6
578,,Lung and Bronchus,22030.0,2010.0,2010.0,Massachusetts,25.0,4949.0,6565036.0,66.4
579,,Lung and Bronchus,22030.0,2010.0,2010.0,Michigan,26.0,8099.0,9877369.0,71.4
580,,Lung and Bronchus,22030.0,2010.0,2010.0,Minnesota,27.0,3242.0,5310903.0,57.4
581,,Lung and Bronchus,22030.0,2010.0,2010.0,Mississippi,28.0,2473.0,2970316.0,77.3
582,,Lung and Bronchus,22030.0,2010.0,2010.0,Missouri,29.0,5212.0,5996052.0,75.7
583,,Lung and Bronchus,22030.0,2010.0,2010.0,Montana,30.0,691.0,990643.0,57.9
584,,Lung and Bronchus,22030.0,2010.0,2010.0,Nebraska,31.0,1223.0,1830025.0,60.8
585,,Lung and Bronchus,22030.0,2010.0,2010.0,Nevada,32.0,1654.0,2703440.0,61.5
586,,Lung and Bronchus,22030.0,2010.0,2010.0,New Hampshire,33.0,1071.0,1316708.0,70.1
587,,Lung and Bronchus,22030.0,2010.0,2010.0,New Jersey,34.0,5764.0,8803881.0,58.8
588,,Lung and Bronchus,22030.0,2010.0,2010.0,New Mexico,35.0,959.0,2064741.0,42.8
589,,Lung and Bronchus,22030.0,2010.0,2010.0,New York,36.0,13471.0,19402920.0,62.3
590,,Lung and Bronchus,22030.0,2010.0,2010.0,North Carolina,37.0,7540.0,9558979.0,72.8
591,,Lung and Bronchus,22030.0,2010.0,2010.0,North Dakota,38.0,439.0,674530.0,56.4
592,,Lung and Bronchus,22030.0,2010.0,2010.0,Ohio,39.0,9708.0,11540766.0,72.3
593,,Lung and Bronchus,22030.0,2010.0,2010.0,Oklahoma,40.0,2933.0,3759596.0,70.3
594,,Lung and Bronchus,22030.0,2010.0,2010.0,Oregon,41.0,2606.0,3837972.0,59.0
595,,Lung and Bronchus,22030.0,2010.0,2010.0,Pennsylvania,42.0,10655.0,12712014.0,67.3
596,,Lung and Bronchus,22030.0,2010.0,2010.0,Rhode Island,44.0,832.0,1053219.0,67.3
597,,Lung and Bronchus,22030.0,2010.0,2010.0,South Carolina,45.0,3700.0,4635894.0,69.9
598,,Lung and Bronchus,22030.0,2010.0,2010.0,South Dakota,46.0,582.0,816299.0,61.6
599,,Lung and Bronchus,22030.0,2010.0,2010.0,Tennessee,47.0,5627.0,6356585.0,78.5
600,,Lung and Bronchus,22030.0,2010.0,2010.0,Texas,48.0,13046.0,25244363.0,58.4
601,,Lung and Bronchus,22030.0,2010.0,2010.0,Utah,49.0,581.0,2775426.0,27.5
602,,Lung and Bronchus,22030.0,2010.0,2010.0,Vermont,50.0,545.0,625984.0,71.8
603,,Lung and Bronchus,22030.0,2010.0,2010.0,Virginia,51.0,5277.0,8025787.0,63.5
604,,Lung and Bronchus,22030.0,2010.0,2010.0,Washington,53.0,4399.0,6743060.0,63.3
605,,Lung and Bronchus,22030.0,2010.0,2010.0,West Virginia,54.0,1953.0,1854225.0,80.6
606,,Lung and Bronchus,22030.0,2010.0,2010.0,Wisconsin,55.0,4082.0,5690204.0,63.7
607,,Lung and Bronchus,22030.0,2010.0,2010.0,Wyoming,56.0,304.0,564516.0,51.2
608,,Lung and Bronchus,22030.0,2010.0,2010.0,Puerto Rico,72.0,713.0,3721526.0,16.7
609,,Lung and Bronchus,22030.0,2011.0,2011.0,Alabama,1.0,4014.0,4801108.0,71.8
610,,Lung and Bronchus,22030.0,2011.0,2011.0,Alaska,2.0,349.0,722720.0,65.1
611,,Lung and Bronchus,22030.0,2011.0,2011.0,Arizona,4.0,3852.0,6468732.0,52.7
612,,Lung and Bronchus,22030.0,2011.0,2011.0,Arkansas,5.0,2688.0,2938538.0,77.4
613,,Lung and Bronchus,22030.0,2011.0,2011.0,California,6.0,16672.0,37700034.0,45.4
614,,Lung and Bronchus,22030.0,2011.0,2011.0,Colorado,8.0,2219.0,5119480.0,45.4
615,,Lung and Bronchus,22030.0,2011.0,2011.0,Connecticut,9.0,2645.0,3589759.0,63.0
616,,Lung and Bronchus,22030.0,2011.0,2011.0,Delaware,10.0,815.0,907916.0,76.0
617,,Lung and Bronchus,22030.0,2011.0,2011.0,District of Columbia,11.0,338.0,620472.0,57.3
618,,Lung and Bronchus,22030.0,2011.0,2011.0,Florida,12.0,16275.0,19105533.0,62.5
619,,Lung and Bronchus,22030.0,2011.0,2011.0,Georgia,13.0,6279.0,9812280.0,67.4
620,,Lung and Bronchus,22030.0,2011.0,2011.0,Hawaii,15.0,764.0,1378227.0,47.2
621,,Lung and Bronchus,22030.0,2011.0,2011.0,Idaho,16.0,858.0,1584134.0,52.3
622,,Lung and Bronchus,22030.0,2011.0,2011.0,Illinois,17.0,9369.0,12861882.0,68.4
623,,Lung and Bronchus,22030.0,2011.0,2011.0,Indiana,18.0,5380.0,6516845.0,75.3
624,,Lung and Bronchus,22030.0,2011.0,2011.0,Iowa,19.0,2366.0,3065389.0,63.9
625,,Lung and Bronchus,22030.0,2011.0,2011.0,Kansas,20.0,1985.0,2869917.0,62.9
626,,Lung and Bronchus,22030.0,2011.0,2011.0,Kentucky,21.0,4752.0,4367882.0,95.5
627,,Lung and Bronchus,22030.0,2011.0,2011.0,Louisiana,22.0,3436.0,4575381.0,70.8
628,,Lung and Bronchus,22030.0,2011.0,2011.0,Maine,23.0,1230.0,1328257.0,69.8
629,,Lung and Bronchus,22030.0,2011.0,2011.0,Maryland,24.0,3680.0,5844171.0,59.5
630,,Lung and Bronchus,22030.0,2011.0,2011.0,Massachusetts,25.0,5017.0,6611797.0,66.3
631,,Lung and Bronchus,22030.0,2011.0,2011.0,Michigan,26.0,7954.0,9876589.0,68.9
632,,Lung and Bronchus,22030.0,2011.0,2011.0,Minnesota,27.0,3130.0,5348119.0,53.5
633,,Lung and Bronchus,22030.0,2011.0,2011.0,Mississippi,28.0,2448.0,2977999.0,74.8
634,,Lung and Bronchus,22030.0,2011.0,2011.0,Missouri,29.0,5302.0,6010587.0,76.3
635,,Lung and Bronchus,22030.0,2011.0,2011.0,Montana,30.0,740.0,997746.0,60.5
636,,Lung and Bronchus,22030.0,2011.0,2011.0,Nebraska,31.0,1179.0,1842383.0,57.7
637,,Lung and Bronchus,22030.0,2011.0,2011.0,New Hampshire,33.0,1077.0,1318344.0,69.7
638,,Lung and Bronchus,22030.0,2011.0,2011.0,New Jersey,34.0,5978.0,8842934.0,59.9
639,,Lung and Bronchus,22030.0,2011.0,2011.0,New Mexico,35.0,975.0,2078226.0,42.3
640,,Lung and Bronchus,22030.0,2011.0,2011.0,New York,36.0,13771.0,19523202.0,62.5
641,,Lung and Bronchus,22030.0,2011.0,2011.0,North Carolina,37.0,7482.0,9651025.0,70.1
642,,Lung and Bronchus,22030.0,2011.0,2011.0,North Dakota,38.0,480.0,685326.0,60.2
643,,Lung and Bronchus,22030.0,2011.0,2011.0,Ohio,39.0,9689.0,11545442.0,71.4
644,,Lung and Bronchus,22030.0,2011.0,2011.0,Oklahoma,40.0,3087.0,3786626.0,73.0
645,,Lung and Bronchus,22030.0,2011.0,2011.0,Oregon,41.0,2782.0,3868509.0,62.0
646,,Lung and Bronchus,22030.0,2011.0,2011.0,Pennsylvania,42.0,10755.0,12745202.0,67.2
647,,Lung and Bronchus,22030.0,2011.0,2011.0,Rhode Island,44.0,818.0,1051856.0,65.5
648,,Lung and Bronchus,22030.0,2011.0,2011.0,South Carolina,45.0,3711.0,4672733.0,68.7
649,,Lung and Bronchus,22030.0,2011.0,2011.0,South Dakota,46.0,555.0,824289.0,57.9
650,,Lung and Bronchus,22030.0,2011.0,2011.0,Tennessee,47.0,5587.0,6398408.0,76.1
651,,Lung and Bronchus,22030.0,2011.0,2011.0,Texas,48.0,12821.0,25654464.0,55.3
652,,Lung and Bronchus,22030.0,2011.0,2011.0,Utah,49.0,655.0,2816440.0,29.8
653,,Lung and Bronchus,22030.0,2011.0,2011.0,Vermont,50.0,527.0,626687.0,67.7
654,,Lung and Bronchus,22030.0,2011.0,2011.0,Virginia,51.0,5168.0,8110783.0,60.7
655,,Lung and Bronchus,22030.0,2011.0,2011.0,Washington,53.0,4292.0,6823229.0,60.0
656,,Lung and Bronchus,22030.0,2011.0,2011.0,West Virginia,54.0,2027.0,1854948.0,82.8
657,,Lung and Bronchus,22030.0,2011.0,2011.0,Wisconsin,55.0,4132.0,5709720.0,62.7
658,,Lung and Bronchus,22030.0,2011.0,2011.0,Wyoming,56.0,285.0,567768.0,47.2
659,,Lung and Bronchus,22030.0,2011.0,2011.0,Puerto Rico,72.0,769.0,3678736.0,17.5
660,,Lung and Bronchus,22030.0,2012.0,2012.0,Alabama,1.0,4029.0,4816089.0,70.2
661,,Lung and Bronchus,22030.0,2012.0,2012.0,Alaska,2.0,341.0,731228.0,58.6
662,,Lung and Bronchus,22030.0,2012.0,2012.0,Arizona,4.0,3824.0,6553262.0,50.4
663,,Lung and Bronchus,22030.0,2012.0,2012.0,Arkansas,5.0,2712.0,2949499.0,76.4
664,,Lung and Bronchus,22030.0,2012.0,2012.0,California,6.0,16861.0,38056055.0,44.8
665,,Lung and Bronchus,22030.0,2012.0,2012.0,Colorado,8.0,2325.0,5191731.0,45.5
666,,Lung and Bronchus,22030.0,2012.0,2012.0,Connecticut,9.0,2664.0,3593541.0,61.9
667,,Lung and Bronchus,22030.0,2012.0,2012.0,Delaware,10.0,772.0,917099.0,69.4
668,,Lung and Bronchus,22030.0,2012.0,2012.0,District of Columbia,11.0,383.0,635342.0,62.0
669,,Lung and Bronchus,22030.0,2012.0,2012.0,Florida,12.0,16807.0,19352021.0,62.6
670,,Lung and Bronchus,22030.0,2012.0,2012.0,Georgia,13.0,6642.0,9917639.0,68.0
671,,Lung and Bronchus,22030.0,2012.0,2012.0,Hawaii,15.0,776.0,1392641.0,45.7
672,,Lung and Bronchus,22030.0,2012.0,2012.0,Idaho,16.0,899.0,1596097.0,52.6
673,,Lung and Bronchus,22030.0,2012.0,2012.0,Illinois,17.0,9326.0,12875167.0,66.9
674,,Lung and Bronchus,22030.0,2012.0,2012.0,Indiana,18.0,5250.0,6538283.0,72.0
675,,Lung and Bronchus,22030.0,2012.0,2012.0,Iowa,19.0,2365.0,3076636.0,63.1
676,,Lung and Bronchus,22030.0,2012.0,2012.0,Kansas,20.0,1931.0,2886281.0,59.8
677,,Lung and Bronchus,22030.0,2012.0,2012.0,Kentucky,21.0,4807.0,4382667.0,94.3
678,,Lung and Bronchus,22030.0,2012.0,2012.0,Louisiana,22.0,3565.0,4603676.0,70.9
679,,Lung and Bronchus,22030.0,2012.0,2012.0,Maine,23.0,1370.0,1328888.0,75.2
680,,Lung and Bronchus,22030.0,2012.0,2012.0,Maryland,24.0,3687.0,5890740.0,58.0
681,,Lung and Bronchus,22030.0,2012.0,2012.0,Massachusetts,25.0,5019.0,6657780.0,65.0
682,,Lung and Bronchus,22030.0,2012.0,2012.0,Michigan,26.0,7838.0,9886879.0,66.4
683,,Lung and Bronchus,22030.0,2012.0,2012.0,Minnesota,27.0,3313.0,5380443.0,55.3
684,,Lung and Bronchus,22030.0,2012.0,2012.0,Mississippi,28.0,2532.0,2985660.0,76.0
685,,Lung and Bronchus,22030.0,2012.0,2012.0,Missouri,29.0,5469.0,6025468.0,76.4
686,,Lung and Bronchus,22030.0,2012.0,2012.0,Montana,30.0,694.0,1005157.0,54.2
687,,Lung and Bronchus,22030.0,2012.0,2012.0,Nebraska,31.0,1263.0,1855973.0,60.6
688,,Lung and Bronchus,22030.0,2012.0,2012.0,Nevada,32.0,1724.0,2754874.0,59.2
689,,Lung and Bronchus,22030.0,2012.0,2012.0,New Hampshire,33.0,1031.0,1321393.0,65.3
690,,Lung and Bronchus,22030.0,2012.0,2012.0,New Jersey,34.0,5844.0,8874893.0,57.5
691,,Lung and Bronchus,22030.0,2012.0,2012.0,New Mexico,35.0,980.0,2084792.0,41.0
692,,Lung and Bronchus,22030.0,2012.0,2012.0,New York,36.0,13632.0,19606981.0,60.8
693,,Lung and Bronchus,22030.0,2012.0,2012.0,North Carolina,37.0,7674.0,9747021.0,69.6
694,,Lung and Bronchus,22030.0,2012.0,2012.0,North Dakota,38.0,480.0,702265.0,58.8
695,,Lung and Bronchus,22030.0,2012.0,2012.0,Ohio,39.0,9536.0,11551783.0,68.7
696,,Lung and Bronchus,22030.0,2012.0,2012.0,Oklahoma,40.0,3056.0,3817679.0,70.9
697,,Lung and Bronchus,22030.0,2012.0,2012.0,Oregon,41.0,2691.0,3899444.0,57.8
698,,Lung and Bronchus,22030.0,2012.0,2012.0,Pennsylvania,42.0,10554.0,12772789.0,64.7
699,,Lung and Bronchus,22030.0,2012.0,2012.0,Rhode Island,44.0,921.0,1052393.0,71.1
700,,Lung and Bronchus,22030.0,2012.0,2012.0,South Carolina,45.0,3897.0,4721341.0,69.1
701,,Lung and Bronchus,22030.0,2012.0,2012.0,South Dakota,46.0,560.0,834631.0,56.7
702,,Lung and Bronchus,22030.0,2012.0,2012.0,Tennessee,47.0,5732.0,6455469.0,75.9
703,,Lung and Bronchus,22030.0,2012.0,2012.0,Texas,48.0,13336.0,26089741.0,55.8
704,,Lung and Bronchus,22030.0,2012.0,2012.0,Utah,49.0,695.0,2856343.0,30.6
705,,Lung and Bronchus,22030.0,2012.0,2012.0,Vermont,50.0,530.0,626398.0,64.4
706,,Lung and Bronchus,22030.0,2012.0,2012.0,Virginia,51.0,5463.0,8193374.0,62.1
707,,Lung and Bronchus,22030.0,2012.0,2012.0,Washington,53.0,4404.0,6897292.0,59.8
708,,Lung and Bronchus,22030.0,2012.0,2012.0,West Virginia,54.0,1999.0,1856283.0,79.6
709,,Lung and Bronchus,22030.0,2012.0,2012.0,Wisconsin,55.0,4076.0,5726422.0,60.5
710,,Lung and Bronchus,22030.0,2012.0,2012.0,Wyoming,56.0,309.0,577080.0,48.5
711,,Lung and Bronchus,22030.0,2012.0,2012.0,Puerto Rico,72.0,808.0,3634487.0,18.2
712,,Lung and Bronchus,22030.0,2013.0,2013.0,Alabama,1.0,3925.0,4830533.0,67.5
713,,Lung and Bronchus,22030.0,2013.0,2013.0,Alaska,2.0,323.0,737442.0,54.8
714,,Lung and Bronchus,22030.0,2013.0,2013.0,Arizona,4.0,3906.0,6630799.0,49.4
715,,Lung and Bronchus,22030.0,2013.0,2013.0,Arkansas,5.0,2887.0,2957957.0,79.9
716,,Lung and Bronchus,22030.0,2013.0,2013.0,California,6.0,16778.0,38414128.0,43.1
717,,Lung and Bronchus,22030.0,2013.0,2013.0,Colorado,8.0,2263.0,5271132.0,42.9
718,,Lung and Bronchus,22030.0,2013.0,2013.0,Connecticut,9.0,2747.0,3597168.0,62.9
719,,Lung and Bronchus,22030.0,2013.0,2013.0,Delaware,10.0,824.0,925353.0,70.5
720,,Lung and Bronchus,22030.0,2013.0,2013.0,District of Columbia,11.0,340.0,649540.0,55.4
721,,Lung and Bronchus,22030.0,2013.0,2013.0,Florida,12.0,16527.0,19594467.0,59.8
722,,Lung and Bronchus,22030.0,2013.0,2013.0,Georgia,13.0,6489.0,9991562.0,64.9
723,,Lung and Bronchus,22030.0,2013.0,2013.0,Hawaii,15.0,855.0,1408765.0,50.0
724,,Lung and Bronchus,22030.0,2013.0,2013.0,Idaho,16.0,839.0,1612785.0,47.8
725,,Lung and Bronchus,22030.0,2013.0,2013.0,Illinois,17.0,9140.0,12889580.0,64.0
726,,Lung and Bronchus,22030.0,2013.0,2013.0,Indiana,18.0,5416.0,6570518.0,72.8
727,,Lung and Bronchus,22030.0,2013.0,2013.0,Iowa,19.0,2416.0,3092224.0,63.3
728,,Lung and Bronchus,22030.0,2013.0,2013.0,Kansas,20.0,2060.0,2894630.0,63.2
729,,Lung and Bronchus,22030.0,2013.0,2013.0,Kentucky,21.0,4912.0,4398500.0,94.9
730,,Lung and Bronchus,22030.0,2013.0,2013.0,Louisiana,22.0,3509.0,4627491.0,68.5
731,,Lung and Bronchus,22030.0,2013.0,2013.0,Maine,23.0,1400.0,1328778.0,75.5
732,,Lung and Bronchus,22030.0,2013.0,2013.0,Maryland,24.0,3768.0,5936040.0,57.6
733,,Lung and Bronchus,22030.0,2013.0,2013.0,Massachusetts,25.0,4964.0,6708810.0,62.7
734,,Lung and Bronchus,22030.0,2013.0,2013.0,Michigan,26.0,7676.0,9900506.0,63.6
735,,Lung and Bronchus,22030.0,2013.0,2013.0,Minnesota,27.0,3496.0,5420541.0,56.8
736,,Lung and Bronchus,22030.0,2013.0,2013.0,Mississippi,28.0,2610.0,2990976.0,76.7
737,,Lung and Bronchus,22030.0,2013.0,2013.0,Missouri,29.0,5426.0,6043708.0,74.4
738,,Lung and Bronchus,22030.0,2013.0,2013.0,Montana,30.0,765.0,1014402.0,58.6
739,,Lung and Bronchus,22030.0,2013.0,2013.0,Nebraska,31.0,1320.0,1869300.0,62.1
740,,Lung and Bronchus,22030.0,2013.0,2013.0,Nevada,32.0,1818.0,2790366.0,60.3
741,,Lung and Bronchus,22030.0,2013.0,2013.0,New Hampshire,33.0,1087.0,1322660.0,65.7
742,,Lung and Bronchus,22030.0,2013.0,2013.0,New Jersey,34.0,5993.0,8907384.0,57.9
743,,Lung and Bronchus,22030.0,2013.0,2013.0,New Mexico,35.0,980.0,2086890.0,40.3
744,,Lung and Bronchus,22030.0,2013.0,2013.0,New York,36.0,13702.0,19691032.0,60.2
745,,Lung and Bronchus,22030.0,2013.0,2013.0,North Carolina,37.0,7952.0,9845432.0,70.3
746,,Lung and Bronchus,22030.0,2013.0,2013.0,North Dakota,38.0,466.0,723626.0,57.0
747,,Lung and Bronchus,22030.0,2013.0,2013.0,Ohio,39.0,9713.0,11572232.0,68.8
748,,Lung and Bronchus,22030.0,2013.0,2013.0,Oklahoma,40.0,3113.0,3853405.0,70.4
749,,Lung and Bronchus,22030.0,2013.0,2013.0,Oregon,41.0,2716.0,3928030.0,56.9
750,,Lung and Bronchus,22030.0,2013.0,2013.0,Pennsylvania,42.0,10744.0,12783536.0,64.9
751,,Lung and Bronchus,22030.0,2013.0,2013.0,Rhode Island,44.0,922.0,1052856.0,71.3
752,,Lung and Bronchus,22030.0,2013.0,2013.0,South Carolina,45.0,3842.0,4768498.0,66.1
753,,Lung and Bronchus,22030.0,2013.0,2013.0,South Dakota,46.0,615.0,845270.0,60.9
754,,Lung and Bronchus,22030.0,2013.0,2013.0,Tennessee,47.0,5812.0,6496130.0,75.5
755,,Lung and Bronchus,22030.0,2013.0,2013.0,Texas,48.0,13194.0,26500674.0,53.4
756,,Lung and Bronchus,22030.0,2013.0,2013.0,Utah,49.0,619.0,2903685.0,26.4
757,,Lung and Bronchus,22030.0,2013.0,2013.0,Vermont,50.0,500.0,627129.0,60.4
758,,Lung and Bronchus,22030.0,2013.0,2013.0,Virginia,51.0,5298.0,8267875.0,58.6
759,,Lung and Bronchus,22030.0,2013.0,2013.0,Washington,53.0,4253.0,6973281.0,55.7
760,,Lung and Bronchus,22030.0,2013.0,2013.0,West Virginia,54.0,2078.0,1852985.0,81.4
761,,Lung and Bronchus,22030.0,2013.0,2013.0,Wisconsin,55.0,4145.0,5743653.0,60.2
762,,Lung and Bronchus,22030.0,2013.0,2013.0,Wyoming,56.0,262.0,583131.0,39.6
763,,Lung and Bronchus,22030.0,2013.0,2013.0,Puerto Rico,72.0,843.0,3593079.0,18.6
764,,Lung and Bronchus,22030.0,2014.0,2014.0,Alabama,1.0,3909.0,4846411.0,65.0
765,,Lung and Bronchus,22030.0,2014.0,2014.0,Alaska,2.0,336.0,737046.0,54.5
766,,Lung and Bronchus,22030.0,2014.0,2014.0,Arizona,4.0,3861.0,6728783.0,47.1
767,,Lung and Bronchus,22030.0,2014.0,2014.0,Arkansas,5.0,2848.0,2966835.0,77.4
768,,Lung and Bronchus,22030.0,2014.0,2014.0,California,6.0,16879.0,38792291.0,42.0
769,,Lung and Bronchus,22030.0,2014.0,2014.0,Colorado,8.0,2332.0,5355588.0,42.2
770,,Lung and Bronchus,22030.0,2014.0,2014.0,Connecticut,9.0,2632.0,3594762.0,59.2
771,,Lung and Bronchus,22030.0,2014.0,2014.0,Delaware,10.0,806.0,935968.0,67.3
772,,Lung and Bronchus,22030.0,2014.0,2014.0,District of Columbia,11.0,315.0,659836.0,50.5
773,,Lung and Bronchus,22030.0,2014.0,2014.0,Florida,12.0,16272.0,19905569.0,57.0
774,,Lung and Bronchus,22030.0,2014.0,2014.0,Georgia,13.0,6543.0,10097132.0,63.0
775,,Lung and Bronchus,22030.0,2014.0,2014.0,Hawaii,15.0,768.0,1420257.0,43.7
776,,Lung and Bronchus,22030.0,2014.0,2014.0,Idaho,16.0,902.0,1634806.0,48.8
777,,Lung and Bronchus,22030.0,2014.0,2014.0,Illinois,17.0,9528.0,12882189.0,65.6
778,,Lung and Bronchus,22030.0,2014.0,2014.0,Indiana,18.0,5232.0,6597880.0,68.6
779,,Lung and Bronchus,22030.0,2014.0,2014.0,Iowa,19.0,2444.0,3109481.0,63.3
780,,Lung and Bronchus,22030.0,2014.0,2014.0,Kansas,20.0,1987.0,2902507.0,60.1
781,,Lung and Bronchus,22030.0,2014.0,2014.0,Kentucky,21.0,4870.0,4412617.0,91.4
782,,Lung and Bronchus,22030.0,2014.0,2014.0,Louisiana,22.0,3573.0,4648990.0,68.8
783,,Lung and Bronchus,22030.0,2014.0,2014.0,Maine,23.0,1361.0,1330256.0,72.1
784,,Lung and Bronchus,22030.0,2014.0,2014.0,Maryland,24.0,3720.0,5975346.0,55.4
785,,Lung and Bronchus,22030.0,2014.0,2014.0,Massachusetts,25.0,4965.0,6755124.0,61.5
786,,Lung and Bronchus,22030.0,2014.0,2014.0,Michigan,26.0,7811.0,9916306.0,63.4
787,,Lung and Bronchus,22030.0,2014.0,2014.0,Minnesota,27.0,3305.0,5457125.0,52.3
788,,Lung and Bronchus,22030.0,2014.0,2014.0,Mississippi,28.0,2575.0,2993443.0,73.9
789,,Lung and Bronchus,22030.0,2014.0,2014.0,Missouri,29.0,5349.0,6063827.0,71.9
790,,Lung and Bronchus,22030.0,2014.0,2014.0,Montana,30.0,711.0,1023252.0,52.8
791,,Lung and Bronchus,22030.0,2014.0,2014.0,Nebraska,31.0,1223.0,1882980.0,56.9
792,,Lung and Bronchus,22030.0,2014.0,2014.0,Nevada,32.0,1637.0,2838281.0,51.7
793,,Lung and Bronchus,22030.0,2014.0,2014.0,New Hampshire,33.0,1041.0,1327996.0,60.9
794,,Lung and Bronchus,22030.0,2014.0,2014.0,New Jersey,34.0,5841.0,8938844.0,55.4
795,,Lung and Bronchus,22030.0,2014.0,2014.0,New Mexico,35.0,960.0,2085567.0,38.6
796,,Lung and Bronchus,22030.0,2014.0,2014.0,New York,36.0,13369.0,19748858.0,57.5
797,,Lung and Bronchus,22030.0,2014.0,2014.0,North Carolina,37.0,7876.0,9940387.0,67.3
798,,Lung and Bronchus,22030.0,2014.0,2014.0,North Dakota,38.0,491.0,740040.0,58.4
799,,Lung and Bronchus,22030.0,2014.0,2014.0,Ohio,39.0,9649.0,11596998.0,67.0
800,,Lung and Bronchus,22030.0,2014.0,2014.0,Oklahoma,40.0,3132.0,3879610.0,69.5
801,,Lung and Bronchus,22030.0,2014.0,2014.0,Oregon,41.0,2615.0,3971202.0,53.0
802,,Lung and Bronchus,22030.0,2014.0,2014.0,Pennsylvania,42.0,10662.0,12793767.0,63.2
803,,Lung and Bronchus,22030.0,2014.0,2014.0,Rhode Island,44.0,911.0,1054907.0,69.6
804,,Lung and Bronchus,22030.0,2014.0,2014.0,South Carolina,45.0,3856.0,4829160.0,64.2
805,,Lung and Bronchus,22030.0,2014.0,2014.0,South Dakota,46.0,580.0,853304.0,56.3
806,,Lung and Bronchus,22030.0,2014.0,2014.0,Tennessee,47.0,5825.0,6547779.0,73.8
807,,Lung and Bronchus,22030.0,2014.0,2014.0,Texas,48.0,13224.0,26979078.0,51.7
808,,Lung and Bronchus,22030.0,2014.0,2014.0,Utah,49.0,616.0,2944498.0,25.6
809,,Lung and Bronchus,22030.0,2014.0,2014.0,Vermont,50.0,508.0,626767.0,61.3
810,,Lung and Bronchus,22030.0,2014.0,2014.0,Virginia,51.0,5342.0,8328098.0,57.5
811,,Lung and Bronchus,22030.0,2014.0,2014.0,Washington,53.0,4376.0,7063166.0,55.4
812,,Lung and Bronchus,22030.0,2014.0,2014.0,West Virginia,54.0,1998.0,1848751.0,77.6
813,,Lung and Bronchus,22030.0,2014.0,2014.0,Wisconsin,55.0,4082.0,5759432.0,57.9
814,,Lung and Bronchus,22030.0,2014.0,2014.0,Wyoming,56.0,303.0,584304.0,45.2
815,,Lung and Bronchus,22030.0,2014.0,2014.0,Puerto Rico,72.0,806.0,3534888.0,17.5
816,---,,,,,,,,,
817,"Dataset: United States and Puerto Rico Cancer Statistics, 1999-2014 Incidence",,,,,,,,,
818,Query Parameters:,,,,,,,,,
819,Title:,,,,,,,,,
820,Age Groups: All,,,,,,,,,
821,Cancer Sites: Lung and Bronchus,,,,,,,,,
822,Ethnicity: All,,,,,,,,,
823,Race: All,,,,,,,,,
824,Sex: All,,,,,,,,,
825,States and Puerto Rico: All,,,,,,,,,
826,"Year: All, 1999 to 2014",,,,,,,,,
827,"Group By: Cancer Sites, Year, States and Puerto Rico",,,,,,,,,
828,Show Totals: Disabled,,,,,,,,,
829,Show Zero Values: False,,,,,,,,,
830,Show Suppressed: False,,,,,,,,,
831,"Calculate Rates Per: 100,000",,,,,,,,,
832,Standard Population: 2000 U.S. Std. Million,,,,,,,,,
833,---,,,,,,,,,
834,Help: See http://wonder.cdc.gov/wonder/help/cancer-v2014.html for more information.,,,,,,,,,
835,---,,,,,,,,,
836,"Query Date: Dec 12, 2017 10:40:44 AM",,,,,,,,,
837,---,,,,,,,,,
838,"Suggested Citation: United States Cancer Statistics: 1999 - 2014 Incidence, WONDER Online Database. United States Department of",,,,,,,,,
839,"Health and Human Services, Centers for Disease Control and Prevention and National Cancer Institute; 2016. Accessed at",,,,,,,,,
840,"http://wonder.cdc.gov/cancer-v2014.html on Dec 12, 2017 10:40:44 AM",,,,,,,,,
841,---,,,,,,,,,
842,Messages:,,,,,,,,,
843,1. Rows with zero Count are hidden. Use Quick Options above to show zero rows.,,,,,,,,,
844,---,,,,,,,,,
845,Caveats:,,,,,,,,,
846,"1. 'Not Applicable' is displayed for Population when it is not available, and for Age Adjusted Rates, Crude Rates, 95%",,,,,,,,,
847,"Confidence Interval, and Standard Error when they cannot be calculated due to lack of denominator population.",,,,,,,,,
848,2. 'Missing' is displayed for a combination of states/territories/MSAs and years that did not meet the United States Cancer,,,,,,,,,
849,Statistics (USCS) publication standard or did not allow permission for their data to be used.,,,,,,,,,
850,"3. The ""Show Totals"" checkbox is disabled when data are grouped by Cancer Sites or by Childhood Cancer, because aggregate",,,,,,,,,
851,values are displayed in the table. Also be aware that charts and maps containing both aggregate and detail data could be,,,,,,,,,
852,misleading.,,,,,,,,,
853,4. These states are missing data for the indicated year: Arkansas 1999-2000; District of Columbia 2002; Mississippi 1999-2002;,,,,,,,,,
854,Nevada 2011; South Dakota 1999-2000; Puerto Rico 1999-2004.,,,,,,,,,
855,5. Data are from selected statewide and metropolitan area cancer registries that meet data quality criteria. Incidence data,,,,,,,,,
856,shown for the United States are diagnoses and populations from included registries only.,,,,,,,,,
857,"6. Information on primary site, behavior, and histology was coded according to the International Classification of Diseases for",,,,,,,,,
858,"Oncology, Third Edition (ICD-O-3) and categorized according to the revised SEER recodes dated January 27, 2003, which define",,,,,,,,,
859,standard groupings of primary cancer sites.,,,,,,,,,
860,"7. For the 2005 year, the Census Bureau estimates that 203,937 persons were displaced from Alabama, Louisiana, Mississippi and",,,,,,,,,
861,Texas due to Hurricanes Katrina and Rita. CDC WONDER does not include the displaced persons in the 2005 population counts for,,,,,,,,,
862,"these states, nor are these counts included in the summary populations for the affected division, regions or national",,,,,,,,,
863,"population. However, the USCS web site does include these displaced persons in the national population figures for 2005.",,,,,,,,,
