,Notes,Cancer Sites,Cancer Sites Code,Year,Year Code,States,States Code,Count,Population,Age-Adjusted Rate
0,,Respiratory System,22010-22060,1999.0,1999.0,Alabama,1.0,3613.0,4430141.0,78.8
1,,Respiratory System,22010-22060,1999.0,1999.0,Alaska,2.0,298.0,624779.0,84.6
2,,Respiratory System,22010-22060,1999.0,1999.0,Arizona,4.0,3260.0,5023823.0,63.9
3,,Respiratory System,22010-22060,1999.0,1999.0,California,6.0,18723.0,33499204.0,65.3
4,,Respiratory System,22010-22060,1999.0,1999.0,Colorado,8.0,1904.0,4226018.0,55.5
5,,Respiratory System,22010-22060,1999.0,1999.0,Connecticut,9.0,2711.0,3386401.0,74.6
6,,Respiratory System,22010-22060,1999.0,1999.0,Delaware,10.0,713.0,774990.0,89.8
7,,Respiratory System,22010-22060,1999.0,1999.0,District Of Columbia,11.0,460.0,570213.0,83.3
8,,Respiratory System,22010-22060,1999.0,1999.0,Florida,12.0,16955.0,15759421.0,84.4
9,,Respiratory System,22010-22060,1999.0,1999.0,Georgia,13.0,5396.0,8045965.0,80.9
10,,Respiratory System,22010-22060,1999.0,1999.0,Hawaii,15.0,739.0,1210300.0,59.6
11,,Respiratory System,22010-22060,1999.0,1999.0,Idaho,16.0,694.0,1275674.0,59.9
12,,Respiratory System,22010-22060,1999.0,1999.0,Illinois,17.0,9461.0,12359020.0,79.9
13,,Respiratory System,22010-22060,1999.0,1999.0,Indiana,18.0,4995.0,6044969.0,83.9
14,,Respiratory System,22010-22060,1999.0,1999.0,Iowa,19.0,2369.0,2917634.0,72.9
15,,Respiratory System,22010-22060,1999.0,1999.0,Kansas,20.0,1927.0,2678338.0,71.3
16,,Respiratory System,22010-22060,1999.0,1999.0,Kentucky,21.0,4334.0,4018053.0,107.2
17,,Respiratory System,22010-22060,1999.0,1999.0,Louisiana,22.0,3793.0,4460811.0,91.5
18,,Respiratory System,22010-22060,1999.0,1999.0,Maine,23.0,1187.0,1266808.0,84.0
19,,Respiratory System,22010-22060,1999.0,1999.0,Maryland,24.0,4009.0,5254509.0,81.6
20,,Respiratory System,22010-22060,1999.0,1999.0,Massachusetts,25.0,5168.0,6317345.0,78.5
21,,Respiratory System,22010-22060,1999.0,1999.0,Michigan,26.0,7889.0,9897116.0,81.5
22,,Respiratory System,22010-22060,1999.0,1999.0,Minnesota,27.0,2866.0,4873481.0,62.0
23,,Respiratory System,22010-22060,1999.0,1999.0,Missouri,29.0,5109.0,5561948.0,87.7
24,,Respiratory System,22010-22060,1999.0,1999.0,Montana,30.0,644.0,897507.0,68.0
25,,Respiratory System,22010-22060,1999.0,1999.0,Nebraska,31.0,1163.0,1704764.0,66.1
26,,Respiratory System,22010-22060,1999.0,1999.0,Nevada,32.0,1550.0,1934718.0,86.6
27,,Respiratory System,22010-22060,1999.0,1999.0,New Hampshire,33.0,910.0,1222014.0,76.8
28,,Respiratory System,22010-22060,1999.0,1999.0,New Jersey,34.0,6415.0,8359592.0,73.8
29,,Respiratory System,22010-22060,1999.0,1999.0,New Mexico,35.0,888.0,1808082.0,53.0
30,,Respiratory System,22010-22060,1999.0,1999.0,New York,36.0,13742.0,18882725.0,71.9
31,,Respiratory System,22010-22060,1999.0,1999.0,North Carolina,37.0,5977.0,7949361.0,76.6
32,,Respiratory System,22010-22060,1999.0,1999.0,North Dakota,38.0,401.0,644259.0,57.5
33,,Respiratory System,22010-22060,1999.0,1999.0,Ohio,39.0,9831.0,11335454.0,83.4
34,,Respiratory System,22010-22060,1999.0,1999.0,Oklahoma,40.0,3064.0,3437147.0,86.5
35,,Respiratory System,22010-22060,1999.0,1999.0,Oregon,41.0,2701.0,3393941.0,78.3
36,,Respiratory System,22010-22060,1999.0,1999.0,Pennsylvania,42.0,10802.0,12263805.0,75.3
37,,Respiratory System,22010-22060,1999.0,1999.0,Rhode Island,44.0,992.0,1040402.0,87.1
38,,Respiratory System,22010-22060,1999.0,1999.0,South Carolina,45.0,3259.0,3974682.0,82.9
39,,Respiratory System,22010-22060,1999.0,1999.0,Tennessee,47.0,4304.0,5638706.0,75.6
40,,Respiratory System,22010-22060,1999.0,1999.0,Texas,48.0,13024.0,20558220.0,77.4
41,,Respiratory System,22010-22060,1999.0,1999.0,Utah,49.0,565.0,2203482.0,36.7
42,,Respiratory System,22010-22060,1999.0,1999.0,Vermont,50.0,465.0,604683.0,75.7
43,,Respiratory System,22010-22060,1999.0,1999.0,Virginia,51.0,4482.0,7000174.0,68.5
44,,Respiratory System,22010-22060,1999.0,1999.0,Washington,53.0,4215.0,5842564.0,78.9
45,,Respiratory System,22010-22060,1999.0,1999.0,West Virginia,54.0,2189.0,1811799.0,102.3
46,,Respiratory System,22010-22060,1999.0,1999.0,Wisconsin,55.0,3888.0,5332666.0,71.8
47,,Respiratory System,22010-22060,1999.0,1999.0,Wyoming,56.0,305.0,491780.0,65.6
48,,Respiratory System,22010-22060,2000.0,2000.0,Alabama,1.0,3718.0,4452173.0,80.4
49,,Respiratory System,22010-22060,2000.0,2000.0,Alaska,2.0,277.0,627963.0,76.8
50,,Respiratory System,22010-22060,2000.0,2000.0,Arizona,4.0,3430.0,5160586.0,65.4
51,,Respiratory System,22010-22060,2000.0,2000.0,California,6.0,18744.0,33987977.0,64.1
52,,Respiratory System,22010-22060,2000.0,2000.0,Colorado,8.0,2039.0,4326921.0,57.7
53,,Respiratory System,22010-22060,2000.0,2000.0,Connecticut,9.0,2664.0,3411777.0,72.8
54,,Respiratory System,22010-22060,2000.0,2000.0,Delaware,10.0,678.0,786373.0,83.5
55,,Respiratory System,22010-22060,2000.0,2000.0,District Of Columbia,11.0,405.0,572046.0,72.8
56,,Respiratory System,22010-22060,2000.0,2000.0,Florida,12.0,17268.0,16047515.0,84.4
57,,Respiratory System,22010-22060,2000.0,2000.0,Georgia,13.0,5718.0,8227303.0,84.2
58,,Respiratory System,22010-22060,2000.0,2000.0,Hawaii,15.0,707.0,1213519.0,55.9
59,,Respiratory System,22010-22060,2000.0,2000.0,Idaho,16.0,786.0,1299430.0,66.6
60,,Respiratory System,22010-22060,2000.0,2000.0,Illinois,17.0,9334.0,12434161.0,78.3
61,,Respiratory System,22010-22060,2000.0,2000.0,Indiana,18.0,5013.0,6091866.0,83.4
62,,Respiratory System,22010-22060,2000.0,2000.0,Iowa,19.0,2398.0,2929067.0,73.4
63,,Respiratory System,22010-22060,2000.0,2000.0,Kansas,20.0,1907.0,2693681.0,70.3
64,,Respiratory System,22010-22060,2000.0,2000.0,Kentucky,21.0,4464.0,4049021.0,108.9
65,,Respiratory System,22010-22060,2000.0,2000.0,Louisiana,22.0,3730.0,4471885.0,89.0
66,,Respiratory System,22010-22060,2000.0,2000.0,Maine,23.0,1256.0,1277072.0,87.3
67,,Respiratory System,22010-22060,2000.0,2000.0,Maryland,24.0,3881.0,5311034.0,77.5
68,,Respiratory System,22010-22060,2000.0,2000.0,Massachusetts,25.0,5172.0,6361104.0,77.7
69,,Respiratory System,22010-22060,2000.0,2000.0,Michigan,26.0,7906.0,9952450.0,80.7
70,,Respiratory System,22010-22060,2000.0,2000.0,Minnesota,27.0,2877.0,4933692.0,61.3
71,,Respiratory System,22010-22060,2000.0,2000.0,Missouri,29.0,4900.0,5607285.0,83.3
72,,Respiratory System,22010-22060,2000.0,2000.0,Montana,30.0,728.0,903773.0,75.7
73,,Respiratory System,22010-22060,2000.0,2000.0,Nebraska,31.0,1178.0,1713820.0,66.7
74,,Respiratory System,22010-22060,2000.0,2000.0,Nevada,32.0,1702.0,2018741.0,91.7
75,,Respiratory System,22010-22060,2000.0,2000.0,New Hampshire,33.0,928.0,1239882.0,76.5
76,,Respiratory System,22010-22060,2000.0,2000.0,New Jersey,34.0,6481.0,8430621.0,73.8
77,,Respiratory System,22010-22060,2000.0,2000.0,New Mexico,35.0,933.0,1821204.0,54.4
78,,Respiratory System,22010-22060,2000.0,2000.0,New York,36.0,14117.0,19001780.0,72.9
79,,Respiratory System,22010-22060,2000.0,2000.0,North Carolina,37.0,6129.0,8081614.0,77.2
80,,Respiratory System,22010-22060,2000.0,2000.0,North Dakota,38.0,406.0,642023.0,58.6
81,,Respiratory System,22010-22060,2000.0,2000.0,Ohio,39.0,9485.0,11363543.0,79.9
82,,Respiratory System,22010-22060,2000.0,2000.0,Oklahoma,40.0,3148.0,3454365.0,87.9
83,,Respiratory System,22010-22060,2000.0,2000.0,Oregon,41.0,2625.0,3429708.0,75.0
84,,Respiratory System,22010-22060,2000.0,2000.0,Pennsylvania,42.0,10857.0,12284173.0,75.3
85,,Respiratory System,22010-22060,2000.0,2000.0,Rhode Island,44.0,975.0,1050268.0,85.2
86,,Respiratory System,22010-22060,2000.0,2000.0,South Carolina,45.0,3249.0,4024223.0,81.1
87,,Respiratory System,22010-22060,2000.0,2000.0,Tennessee,47.0,4298.0,5703719.0,74.5
88,,Respiratory System,22010-22060,2000.0,2000.0,Texas,48.0,12972.0,20944499.0,75.5
89,,Respiratory System,22010-22060,2000.0,2000.0,Utah,49.0,490.0,2244502.0,31.3
90,,Respiratory System,22010-22060,2000.0,2000.0,Vermont,50.0,444.0,609618.0,70.6
91,,Respiratory System,22010-22060,2000.0,2000.0,Virginia,51.0,4587.0,7105817.0,68.8
92,,Respiratory System,22010-22060,2000.0,2000.0,Washington,53.0,4113.0,5910512.0,75.7
93,,Respiratory System,22010-22060,2000.0,2000.0,West Virginia,54.0,2146.0,1807021.0,99.8
94,,Respiratory System,22010-22060,2000.0,2000.0,Wisconsin,55.0,3744.0,5373999.0,68.4
95,,Respiratory System,22010-22060,2000.0,2000.0,Wyoming,56.0,284.0,494300.0,60.0
96,,Respiratory System,22010-22060,2001.0,2001.0,Alabama,1.0,3938.0,4467634.0,84.2
97,,Respiratory System,22010-22060,2001.0,2001.0,Alaska,2.0,305.0,633714.0,79.1
98,,Respiratory System,22010-22060,2001.0,2001.0,Arizona,4.0,3552.0,5273477.0,66.3
99,,Respiratory System,22010-22060,2001.0,2001.0,Arkansas,5.0,2600.0,2691571.0,88.8
100,,Respiratory System,22010-22060,2001.0,2001.0,California,6.0,18821.0,34479458.0,63.1
101,,Respiratory System,22010-22060,2001.0,2001.0,Colorado,8.0,2170.0,4425687.0,60.3
102,,Respiratory System,22010-22060,2001.0,2001.0,Connecticut,9.0,2725.0,3432835.0,73.6
103,,Respiratory System,22010-22060,2001.0,2001.0,Delaware,10.0,666.0,795699.0,80.7
104,,Respiratory System,22010-22060,2001.0,2001.0,District Of Columbia,11.0,453.0,574504.0,81.2
105,,Respiratory System,22010-22060,2001.0,2001.0,Florida,12.0,17022.0,16356966.0,81.7
106,,Respiratory System,22010-22060,2001.0,2001.0,Georgia,13.0,5819.0,8377038.0,83.9
107,,Respiratory System,22010-22060,2001.0,2001.0,Hawaii,15.0,674.0,1225948.0,52.0
108,,Respiratory System,22010-22060,2001.0,2001.0,Idaho,16.0,689.0,1319962.0,57.0
109,,Respiratory System,22010-22060,2001.0,2001.0,Illinois,17.0,9460.0,12488445.0,78.8
110,,Respiratory System,22010-22060,2001.0,2001.0,Indiana,18.0,5201.0,6127760.0,85.8
111,,Respiratory System,22010-22060,2001.0,2001.0,Iowa,19.0,2342.0,2931997.0,71.2
112,,Respiratory System,22010-22060,2001.0,2001.0,Kansas,20.0,1917.0,2702162.0,69.9
113,,Respiratory System,22010-22060,2001.0,2001.0,Kentucky,21.0,4606.0,4068132.0,111.4
114,,Respiratory System,22010-22060,2001.0,2001.0,Louisiana,22.0,3817.0,4477875.0,90.1
115,,Respiratory System,22010-22060,2001.0,2001.0,Maine,23.0,1289.0,1285692.0,88.2
116,,Respiratory System,22010-22060,2001.0,2001.0,Maryland,24.0,3646.0,5374691.0,71.5
117,,Respiratory System,22010-22060,2001.0,2001.0,Massachusetts,25.0,5191.0,6397634.0,77.5
118,,Respiratory System,22010-22060,2001.0,2001.0,Michigan,26.0,7942.0,9991120.0,80.3
119,,Respiratory System,22010-22060,2001.0,2001.0,Minnesota,27.0,2969.0,4982796.0,62.4
120,,Respiratory System,22010-22060,2001.0,2001.0,Missouri,29.0,4869.0,5641142.0,82.0
121,,Respiratory System,22010-22060,2001.0,2001.0,Montana,30.0,746.0,906961.0,76.2
122,,Respiratory System,22010-22060,2001.0,2001.0,Nebraska,31.0,1213.0,1719836.0,68.3
123,,Respiratory System,22010-22060,2001.0,2001.0,Nevada,32.0,1636.0,2098399.0,83.5
124,,Respiratory System,22010-22060,2001.0,2001.0,New Hampshire,33.0,908.0,1255517.0,73.8
125,,Respiratory System,22010-22060,2001.0,2001.0,New Jersey,34.0,6526.0,8492671.0,73.6
126,,Respiratory System,22010-22060,2001.0,2001.0,New Mexico,35.0,901.0,1831690.0,51.1
127,,Respiratory System,22010-22060,2001.0,2001.0,New York,36.0,13802.0,19082838.0,70.5
128,,Respiratory System,22010-22060,2001.0,2001.0,North Carolina,37.0,6072.0,8210122.0,75.3
129,,Respiratory System,22010-22060,2001.0,2001.0,North Dakota,38.0,416.0,639062.0,59.6
130,,Respiratory System,22010-22060,2001.0,2001.0,Ohio,39.0,9841.0,11387404.0,82.4
131,,Respiratory System,22010-22060,2001.0,2001.0,Oklahoma,40.0,3307.0,3467100.0,91.6
132,,Respiratory System,22010-22060,2001.0,2001.0,Oregon,41.0,2698.0,3467937.0,76.0
133,,Respiratory System,22010-22060,2001.0,2001.0,Pennsylvania,42.0,11087.0,12298970.0,76.7
134,,Respiratory System,22010-22060,2001.0,2001.0,Rhode Island,44.0,893.0,1057142.0,77.5
135,,Respiratory System,22010-22060,2001.0,2001.0,South Carolina,45.0,3376.0,4064995.0,82.8
136,,Respiratory System,22010-22060,2001.0,2001.0,South Dakota,46.0,522.0,757972.0,64.2
137,,Respiratory System,22010-22060,2001.0,2001.0,Tennessee,47.0,4419.0,5750789.0,75.4
138,,Respiratory System,22010-22060,2001.0,2001.0,Texas,48.0,13383.0,21319622.0,76.4
139,,Respiratory System,22010-22060,2001.0,2001.0,Utah,49.0,551.0,2283715.0,34.2
140,,Respiratory System,22010-22060,2001.0,2001.0,Vermont,50.0,440.0,612223.0,68.9
141,,Respiratory System,22010-22060,2001.0,2001.0,Virginia,51.0,4443.0,7198362.0,65.4
142,,Respiratory System,22010-22060,2001.0,2001.0,Washington,53.0,4237.0,5985722.0,76.6
143,,Respiratory System,22010-22060,2001.0,2001.0,West Virginia,54.0,2160.0,1801481.0,99.9
144,,Respiratory System,22010-22060,2001.0,2001.0,Wisconsin,55.0,3974.0,5406835.0,71.8
145,,Respiratory System,22010-22060,2001.0,2001.0,Wyoming,56.0,261.0,494657.0,53.7
146,,Respiratory System,22010-22060,2002.0,2002.0,Alabama,1.0,3900.0,4480089.0,82.2
147,,Respiratory System,22010-22060,2002.0,2002.0,Alaska,2.0,306.0,642337.0,76.0
148,,Respiratory System,22010-22060,2002.0,2002.0,Arizona,4.0,3473.0,5396255.0,63.1
149,,Respiratory System,22010-22060,2002.0,2002.0,Arkansas,5.0,2633.0,2705927.0,88.6
150,,Respiratory System,22010-22060,2002.0,2002.0,California,6.0,18677.0,34871843.0,61.5
151,,Respiratory System,22010-22060,2002.0,2002.0,Colorado,8.0,2232.0,4490406.0,60.7
152,,Respiratory System,22010-22060,2002.0,2002.0,Connecticut,9.0,2814.0,3458749.0,75.2
153,,Respiratory System,22010-22060,2002.0,2002.0,Delaware,10.0,680.0,806169.0,80.2
154,,Respiratory System,22010-22060,2002.0,2002.0,Florida,12.0,17176.0,16689370.0,80.6
155,,Respiratory System,22010-22060,2002.0,2002.0,Georgia,13.0,5948.0,8508256.0,83.3
156,,Respiratory System,22010-22060,2002.0,2002.0,Hawaii,15.0,728.0,1239613.0,55.0
157,,Respiratory System,22010-22060,2002.0,2002.0,Idaho,16.0,739.0,1340372.0,59.7
158,,Respiratory System,22010-22060,2002.0,2002.0,Illinois,17.0,9761.0,12525556.0,80.5
159,,Respiratory System,22010-22060,2002.0,2002.0,Indiana,18.0,5309.0,6155967.0,86.5
160,,Respiratory System,22010-22060,2002.0,2002.0,Iowa,19.0,2389.0,2934234.0,72.2
161,,Respiratory System,22010-22060,2002.0,2002.0,Kansas,20.0,1847.0,2713535.0,67.0
162,,Respiratory System,22010-22060,2002.0,2002.0,Kentucky,21.0,4582.0,4089875.0,109.1
163,,Respiratory System,22010-22060,2002.0,2002.0,Louisiana,22.0,3617.0,4497267.0,84.0
164,,Respiratory System,22010-22060,2002.0,2002.0,Maine,23.0,1254.0,1295960.0,84.2
165,,Respiratory System,22010-22060,2002.0,2002.0,Maryland,24.0,3897.0,5440389.0,74.9
166,,Respiratory System,22010-22060,2002.0,2002.0,Massachusetts,25.0,5276.0,6417206.0,78.1
167,,Respiratory System,22010-22060,2002.0,2002.0,Michigan,26.0,7945.0,10015710.0,79.3
168,,Respiratory System,22010-22060,2002.0,2002.0,Minnesota,27.0,3017.0,5018935.0,62.5
169,,Respiratory System,22010-22060,2002.0,2002.0,Missouri,29.0,5214.0,5674825.0,86.6
170,,Respiratory System,22010-22060,2002.0,2002.0,Montana,30.0,717.0,911667.0,71.9
171,,Respiratory System,22010-22060,2002.0,2002.0,Nebraska,31.0,1203.0,1728292.0,66.9
172,,Respiratory System,22010-22060,2002.0,2002.0,Nevada,32.0,1736.0,2173791.0,84.8
173,,Respiratory System,22010-22060,2002.0,2002.0,New Hampshire,33.0,955.0,1269089.0,76.3
174,,Respiratory System,22010-22060,2002.0,2002.0,New Jersey,34.0,6534.0,8552643.0,72.8
175,,Respiratory System,22010-22060,2002.0,2002.0,New Mexico,35.0,976.0,1855309.0,54.2
176,,Respiratory System,22010-22060,2002.0,2002.0,New York,36.0,14023.0,19137800.0,70.8
177,,Respiratory System,22010-22060,2002.0,2002.0,North Carolina,37.0,6434.0,8326201.0,77.7
178,,Respiratory System,22010-22060,2002.0,2002.0,North Dakota,38.0,446.0,638168.0,63.1
179,,Respiratory System,22010-22060,2002.0,2002.0,Ohio,39.0,9856.0,11407889.0,81.6
180,,Respiratory System,22010-22060,2002.0,2002.0,Oklahoma,40.0,3347.0,3489080.0,91.6
181,,Respiratory System,22010-22060,2002.0,2002.0,Oregon,41.0,2716.0,3513424.0,74.8
182,,Respiratory System,22010-22060,2002.0,2002.0,Pennsylvania,42.0,11250.0,12331031.0,77.0
183,,Respiratory System,22010-22060,2002.0,2002.0,Rhode Island,44.0,962.0,1065995.0,82.8
184,,Respiratory System,22010-22060,2002.0,2002.0,South Carolina,45.0,3438.0,4107795.0,82.5
185,,Respiratory System,22010-22060,2002.0,2002.0,South Dakota,46.0,557.0,760020.0,67.4
186,,Respiratory System,22010-22060,2002.0,2002.0,Tennessee,47.0,4626.0,5795918.0,77.3
187,,Respiratory System,22010-22060,2002.0,2002.0,Texas,48.0,13610.0,21690325.0,76.0
188,,Respiratory System,22010-22060,2002.0,2002.0,Utah,49.0,538.0,2324815.0,32.5
189,,Respiratory System,22010-22060,2002.0,2002.0,Vermont,50.0,426.0,615442.0,65.5
190,,Respiratory System,22010-22060,2002.0,2002.0,Virginia,51.0,4748.0,7286873.0,68.4
191,,Respiratory System,22010-22060,2002.0,2002.0,Washington,53.0,4095.0,6052349.0,72.4
192,,Respiratory System,22010-22060,2002.0,2002.0,West Virginia,54.0,2142.0,1805414.0,97.8
193,,Respiratory System,22010-22060,2002.0,2002.0,Wisconsin,55.0,3872.0,5445162.0,68.9
194,,Respiratory System,22010-22060,2002.0,2002.0,Wyoming,56.0,280.0,500017.0,56.2
195,,Respiratory System,22010-22060,2003.0,2003.0,Alabama,1.0,3836.0,4503491.0,79.8
196,,Respiratory System,22010-22060,2003.0,2003.0,Alaska,2.0,322.0,648414.0,81.2
197,,Respiratory System,22010-22060,2003.0,2003.0,Arizona,4.0,3649.0,5510364.0,64.4
198,,Respiratory System,22010-22060,2003.0,2003.0,Arkansas,5.0,2646.0,2724816.0,88.0
199,,Respiratory System,22010-22060,2003.0,2003.0,California,6.0,18589.0,35253159.0,59.9
200,,Respiratory System,22010-22060,2003.0,2003.0,Colorado,8.0,2176.0,4528732.0,57.5
201,,Respiratory System,22010-22060,2003.0,2003.0,Connecticut,9.0,2844.0,3484336.0,74.9
202,,Respiratory System,22010-22060,2003.0,2003.0,Delaware,10.0,787.0,818003.0,90.5
203,,Respiratory System,22010-22060,2003.0,2003.0,District Of Columbia,11.0,422.0,568502.0,74.8
204,,Respiratory System,22010-22060,2003.0,2003.0,Florida,12.0,17262.0,17004085.0,79.6
205,,Respiratory System,22010-22060,2003.0,2003.0,Georgia,13.0,5982.0,8622793.0,81.8
206,,Respiratory System,22010-22060,2003.0,2003.0,Hawaii,15.0,757.0,1251154.0,55.7
207,,Respiratory System,22010-22060,2003.0,2003.0,Idaho,16.0,815.0,1363380.0,64.1
208,,Respiratory System,22010-22060,2003.0,2003.0,Illinois,17.0,9771.0,12556006.0,79.6
209,,Respiratory System,22010-22060,2003.0,2003.0,Indiana,18.0,5432.0,6196638.0,87.0
210,,Respiratory System,22010-22060,2003.0,2003.0,Iowa,19.0,2519.0,2941999.0,75.5
211,,Respiratory System,22010-22060,2003.0,2003.0,Kansas,20.0,1961.0,2723004.0,70.2
212,,Respiratory System,22010-22060,2003.0,2003.0,Kentucky,21.0,4592.0,4117170.0,107.6
213,,Respiratory System,22010-22060,2003.0,2003.0,Louisiana,22.0,3797.0,4521042.0,87.0
214,,Respiratory System,22010-22060,2003.0,2003.0,Maine,23.0,1302.0,1306513.0,86.0
215,,Respiratory System,22010-22060,2003.0,2003.0,Maryland,24.0,4109.0,5496269.0,77.6
216,,Respiratory System,22010-22060,2003.0,2003.0,Massachusetts,25.0,5224.0,6422565.0,76.7
217,,Respiratory System,22010-22060,2003.0,2003.0,Michigan,26.0,8516.0,10041152.0,83.7
218,,Respiratory System,22010-22060,2003.0,2003.0,Minnesota,27.0,3127.0,5053572.0,63.6
219,,Respiratory System,22010-22060,2003.0,2003.0,Mississippi,28.0,2491.0,2868312.0,87.2
220,,Respiratory System,22010-22060,2003.0,2003.0,Missouri,29.0,5409.0,5709403.0,88.6
221,,Respiratory System,22010-22060,2003.0,2003.0,Montana,30.0,722.0,919630.0,71.0
222,,Respiratory System,22010-22060,2003.0,2003.0,Nebraska,31.0,1258.0,1738643.0,69.5
223,,Respiratory System,22010-22060,2003.0,2003.0,Nevada,32.0,1776.0,2248850.0,82.6
224,,Respiratory System,22010-22060,2003.0,2003.0,New Hampshire,33.0,965.0,1279840.0,75.0
225,,Respiratory System,22010-22060,2003.0,2003.0,New Jersey,34.0,6441.0,8601402.0,71.1
226,,Respiratory System,22010-22060,2003.0,2003.0,New Mexico,35.0,930.0,1877574.0,50.1
227,,Respiratory System,22010-22060,2003.0,2003.0,New York,36.0,14051.0,19175939.0,70.2
228,,Respiratory System,22010-22060,2003.0,2003.0,North Carolina,37.0,6705.0,8422501.0,79.1
229,,Respiratory System,22010-22060,2003.0,2003.0,North Dakota,38.0,470.0,638817.0,66.3
230,,Respiratory System,22010-22060,2003.0,2003.0,Ohio,39.0,9828.0,11434788.0,80.4
231,,Respiratory System,22010-22060,2003.0,2003.0,Oklahoma,40.0,3256.0,3504892.0,87.9
232,,Respiratory System,22010-22060,2003.0,2003.0,Oregon,41.0,2695.0,3547376.0,72.6
233,,Respiratory System,22010-22060,2003.0,2003.0,Pennsylvania,42.0,11179.0,12374658.0,75.9
234,,Respiratory System,22010-22060,2003.0,2003.0,Rhode Island,44.0,953.0,1071342.0,81.1
235,,Respiratory System,22010-22060,2003.0,2003.0,South Carolina,45.0,3565.0,4150297.0,83.2
236,,Respiratory System,22010-22060,2003.0,2003.0,South Dakota,46.0,558.0,763729.0,67.0
237,,Respiratory System,22010-22060,2003.0,2003.0,Tennessee,47.0,5085.0,5847812.0,83.6
238,,Respiratory System,22010-22060,2003.0,2003.0,Texas,48.0,13947.0,22030931.0,75.9
239,,Respiratory System,22010-22060,2003.0,2003.0,Utah,49.0,581.0,2360137.0,34.3
240,,Respiratory System,22010-22060,2003.0,2003.0,Vermont,50.0,505.0,617858.0,76.3
241,,Respiratory System,22010-22060,2003.0,2003.0,Virginia,51.0,5382.0,7366977.0,76.3
242,,Respiratory System,22010-22060,2003.0,2003.0,Washington,53.0,4277.0,6104115.0,74.3
243,,Respiratory System,22010-22060,2003.0,2003.0,West Virginia,54.0,2048.0,1812295.0,92.0
244,,Respiratory System,22010-22060,2003.0,2003.0,Wisconsin,55.0,3980.0,5479203.0,69.8
245,,Respiratory System,22010-22060,2003.0,2003.0,Wyoming,56.0,316.0,503453.0,62.2
246,,Respiratory System,22010-22060,2004.0,2004.0,Alabama,1.0,4125.0,4530729.0,84.4
247,,Respiratory System,22010-22060,2004.0,2004.0,Alaska,2.0,346.0,659286.0,82.9
248,,Respiratory System,22010-22060,2004.0,2004.0,Arizona,4.0,3651.0,5652404.0,62.4
249,,Respiratory System,22010-22060,2004.0,2004.0,Arkansas,5.0,2733.0,2749686.0,89.4
250,,Respiratory System,22010-22060,2004.0,2004.0,California,6.0,18629.0,35574576.0,59.1
251,,Respiratory System,22010-22060,2004.0,2004.0,Colorado,8.0,2143.0,4575013.0,55.1
252,,Respiratory System,22010-22060,2004.0,2004.0,Connecticut,9.0,2753.0,3496094.0,71.8
253,,Respiratory System,22010-22060,2004.0,2004.0,Delaware,10.0,791.0,830803.0,88.6
254,,Respiratory System,22010-22060,2004.0,2004.0,District Of Columbia,11.0,391.0,567754.0,70.3
255,,Respiratory System,22010-22060,2004.0,2004.0,Florida,12.0,17658.0,17415318.0,79.5
256,,Respiratory System,22010-22060,2004.0,2004.0,Georgia,13.0,5927.0,8769252.0,79.3
257,,Respiratory System,22010-22060,2004.0,2004.0,Hawaii,15.0,832.0,1273569.0,60.0
258,,Respiratory System,22010-22060,2004.0,2004.0,Idaho,16.0,823.0,1391802.0,62.6
259,,Respiratory System,22010-22060,2004.0,2004.0,Illinois,17.0,9517.0,12589773.0,76.9
260,,Respiratory System,22010-22060,2004.0,2004.0,Indiana,18.0,5273.0,6233007.0,83.5
261,,Respiratory System,22010-22060,2004.0,2004.0,Iowa,19.0,2448.0,2953635.0,72.6
262,,Respiratory System,22010-22060,2004.0,2004.0,Kansas,20.0,1903.0,2734373.0,67.4
263,,Respiratory System,22010-22060,2004.0,2004.0,Kentucky,21.0,4782.0,4146101.0,110.2
264,,Respiratory System,22010-22060,2004.0,2004.0,Louisiana,22.0,3910.0,4552238.0,88.2
265,,Respiratory System,22010-22060,2004.0,2004.0,Maine,23.0,1360.0,1313688.0,88.0
266,,Respiratory System,22010-22060,2004.0,2004.0,Maryland,24.0,4027.0,5546935.0,74.7
267,,Respiratory System,22010-22060,2004.0,2004.0,Massachusetts,25.0,5305.0,6412281.0,77.2
268,,Respiratory System,22010-22060,2004.0,2004.0,Michigan,26.0,8259.0,10055315.0,80.2
269,,Respiratory System,22010-22060,2004.0,2004.0,Minnesota,27.0,3124.0,5087713.0,62.5
270,,Respiratory System,22010-22060,2004.0,2004.0,Mississippi,28.0,2512.0,2889010.0,86.8
271,,Respiratory System,22010-22060,2004.0,2004.0,Missouri,29.0,5326.0,5747741.0,86.2
272,,Respiratory System,22010-22060,2004.0,2004.0,Montana,30.0,699.0,930009.0,67.8
273,,Respiratory System,22010-22060,2004.0,2004.0,Nebraska,31.0,1331.0,1749370.0,72.4
274,,Respiratory System,22010-22060,2004.0,2004.0,Nevada,32.0,1836.0,2346222.0,81.8
275,,Respiratory System,22010-22060,2004.0,2004.0,New Hampshire,33.0,1060.0,1290121.0,80.6
276,,Respiratory System,22010-22060,2004.0,2004.0,New Jersey,34.0,6213.0,8634561.0,67.9
277,,Respiratory System,22010-22060,2004.0,2004.0,New Mexico,35.0,972.0,1903808.0,51.1
278,,Respiratory System,22010-22060,2004.0,2004.0,New York,36.0,14125.0,19171567.0,69.9
279,,Respiratory System,22010-22060,2004.0,2004.0,North Carolina,37.0,7143.0,8553152.0,82.2
280,,Respiratory System,22010-22060,2004.0,2004.0,North Dakota,38.0,445.0,644705.0,61.4
281,,Respiratory System,22010-22060,2004.0,2004.0,Ohio,39.0,10152.0,11452251.0,82.4
282,,Respiratory System,22010-22060,2004.0,2004.0,Oklahoma,40.0,3254.0,3525233.0,86.6
283,,Respiratory System,22010-22060,2004.0,2004.0,Oregon,41.0,2787.0,3569463.0,73.5
284,,Respiratory System,22010-22060,2004.0,2004.0,Pennsylvania,42.0,11163.0,12410722.0,75.5
285,,Respiratory System,22010-22060,2004.0,2004.0,Rhode Island,44.0,968.0,1074579.0,80.8
286,,Respiratory System,22010-22060,2004.0,2004.0,South Carolina,45.0,3492.0,4210921.0,79.5
287,,Respiratory System,22010-22060,2004.0,2004.0,South Dakota,46.0,563.0,770396.0,66.5
288,,Respiratory System,22010-22060,2004.0,2004.0,Tennessee,47.0,5557.0,5910809.0,89.8
289,,Respiratory System,22010-22060,2004.0,2004.0,Texas,48.0,13827.0,22394023.0,73.6
290,,Respiratory System,22010-22060,2004.0,2004.0,Utah,49.0,567.0,2401580.0,32.5
291,,Respiratory System,22010-22060,2004.0,2004.0,Vermont,50.0,480.0,619920.0,70.9
292,,Respiratory System,22010-22060,2004.0,2004.0,Virginia,51.0,5456.0,7475575.0,75.5
293,,Respiratory System,22010-22060,2004.0,2004.0,Washington,53.0,4308.0,6178645.0,72.7
294,,Respiratory System,22010-22060,2004.0,2004.0,West Virginia,54.0,2114.0,1816438.0,94.8
295,,Respiratory System,22010-22060,2004.0,2004.0,Wisconsin,55.0,4072.0,5514026.0,70.3
296,,Respiratory System,22010-22060,2004.0,2004.0,Wyoming,56.0,300.0,509106.0,57.9
297,,Respiratory System,22010-22060,2005.0,2005.0,Alabama,1.0,4076.0,4565917.0,82.2
298,,Respiratory System,22010-22060,2005.0,2005.0,Alaska,2.0,356.0,666946.0,82.8
299,,Respiratory System,22010-22060,2005.0,2005.0,Arizona,4.0,3792.0,5839077.0,62.4
300,,Respiratory System,22010-22060,2005.0,2005.0,Arkansas,5.0,2791.0,2781097.0,89.8
301,,Respiratory System,22010-22060,2005.0,2005.0,California,6.0,18785.0,35827943.0,58.5
302,,Respiratory System,22010-22060,2005.0,2005.0,Colorado,8.0,2140.0,4631888.0,53.5
303,,Respiratory System,22010-22060,2005.0,2005.0,Connecticut,9.0,2802.0,3506956.0,72.4
304,,Respiratory System,22010-22060,2005.0,2005.0,Delaware,10.0,828.0,845150.0,89.8
305,,Respiratory System,22010-22060,2005.0,2005.0,District Of Columbia,11.0,390.0,567136.0,69.6
306,,Respiratory System,22010-22060,2005.0,2005.0,Florida,12.0,17761.0,17842038.0,77.9
307,,Respiratory System,22010-22060,2005.0,2005.0,Georgia,13.0,6157.0,8925922.0,79.8
308,,Respiratory System,22010-22060,2005.0,2005.0,Hawaii,15.0,822.0,1292729.0,57.7
309,,Respiratory System,22010-22060,2005.0,2005.0,Idaho,16.0,876.0,1428241.0,64.5
310,,Respiratory System,22010-22060,2005.0,2005.0,Illinois,17.0,9705.0,12609903.0,77.6
311,,Respiratory System,22010-22060,2005.0,2005.0,Indiana,18.0,5433.0,6278616.0,84.8
312,,Respiratory System,22010-22060,2005.0,2005.0,Iowa,19.0,2590.0,2964454.0,75.9
313,,Respiratory System,22010-22060,2005.0,2005.0,Kansas,20.0,2032.0,2745299.0,70.8
314,,Respiratory System,22010-22060,2005.0,2005.0,Kentucky,21.0,4766.0,4182742.0,107.8
315,,Respiratory System,22010-22060,2005.0,2005.0,Louisiana,22.0,3701.0,4411396.0,84.4
316,,Respiratory System,22010-22060,2005.0,2005.0,Maine,23.0,1358.0,1318787.0,86.4
317,,Respiratory System,22010-22060,2005.0,2005.0,Maryland,24.0,4015.0,5592379.0,73.6
318,,Respiratory System,22010-22060,2005.0,2005.0,Massachusetts,25.0,5496.0,6403290.0,79.3
319,,Respiratory System,22010-22060,2005.0,2005.0,Michigan,26.0,8470.0,10051137.0,81.3
320,,Respiratory System,22010-22060,2005.0,2005.0,Minnesota,27.0,3154.0,5119598.0,61.9
321,,Respiratory System,22010-22060,2005.0,2005.0,Mississippi,28.0,2474.0,2876229.0,84.4
322,,Respiratory System,22010-22060,2005.0,2005.0,Missouri,29.0,5597.0,5790300.0,89.2
323,,Respiratory System,22010-22060,2005.0,2005.0,Montana,30.0,770.0,940102.0,72.9
324,,Respiratory System,22010-22060,2005.0,2005.0,Nebraska,31.0,1287.0,1761497.0,69.3
325,,Respiratory System,22010-22060,2005.0,2005.0,Nevada,32.0,1728.0,2432143.0,75.2
326,,Respiratory System,22010-22060,2005.0,2005.0,New Hampshire,33.0,1088.0,1298492.0,80.4
327,,Respiratory System,22010-22060,2005.0,2005.0,New Jersey,34.0,6545.0,8651974.0,71.1
328,,Respiratory System,22010-22060,2005.0,2005.0,New Mexico,35.0,1025.0,1932274.0,52.2
329,,Respiratory System,22010-22060,2005.0,2005.0,New York,36.0,14196.0,19132610.0,69.7
330,,Respiratory System,22010-22060,2005.0,2005.0,North Carolina,37.0,7496.0,8705407.0,84.1
331,,Respiratory System,22010-22060,2005.0,2005.0,North Dakota,38.0,493.0,646089.0,67.9
332,,Respiratory System,22010-22060,2005.0,2005.0,Ohio,39.0,10225.0,11463320.0,82.2
333,,Respiratory System,22010-22060,2005.0,2005.0,Oklahoma,40.0,3327.0,3548597.0,87.5
334,,Respiratory System,22010-22060,2005.0,2005.0,Oregon,41.0,2881.0,3613202.0,74.3
335,,Respiratory System,22010-22060,2005.0,2005.0,Pennsylvania,42.0,11460.0,12449990.0,76.9
336,,Respiratory System,22010-22060,2005.0,2005.0,Rhode Island,44.0,946.0,1067916.0,80.5
337,,Respiratory System,22010-22060,2005.0,2005.0,South Carolina,45.0,3733.0,4270150.0,83.0
338,,Respiratory System,22010-22060,2005.0,2005.0,South Dakota,46.0,559.0,775493.0,64.7
339,,Respiratory System,22010-22060,2005.0,2005.0,Tennessee,47.0,5743.0,5991057.0,90.5
340,,Respiratory System,22010-22060,2005.0,2005.0,Texas,48.0,14144.0,22773020.0,73.2
341,,Respiratory System,22010-22060,2005.0,2005.0,Utah,49.0,610.0,2457719.0,33.9
342,,Respiratory System,22010-22060,2005.0,2005.0,Vermont,50.0,514.0,621215.0,75.2
343,,Respiratory System,22010-22060,2005.0,2005.0,Virginia,51.0,5631.0,7577105.0,76.1
344,,Respiratory System,22010-22060,2005.0,2005.0,Washington,53.0,4406.0,6257305.0,72.8
345,,Respiratory System,22010-22060,2005.0,2005.0,West Virginia,54.0,2284.0,1820492.0,101.1
346,,Respiratory System,22010-22060,2005.0,2005.0,Wisconsin,55.0,3986.0,5546166.0,67.8
347,,Respiratory System,22010-22060,2005.0,2005.0,Wyoming,56.0,312.0,514157.0,58.8
348,,Respiratory System,22010-22060,2006.0,2006.0,Alabama,1.0,4146.0,4628981.0,81.5
349,,Respiratory System,22010-22060,2006.0,2006.0,Alaska,2.0,378.0,675302.0,82.0
350,,Respiratory System,22010-22060,2006.0,2006.0,Arizona,4.0,3747.0,6029141.0,59.6
351,,Respiratory System,22010-22060,2006.0,2006.0,Arkansas,5.0,2688.0,2821761.0,84.4
352,,Respiratory System,22010-22060,2006.0,2006.0,California,6.0,18773.0,36021202.0,57.7
353,,Respiratory System,22010-22060,2006.0,2006.0,Colorado,8.0,2187.0,4720423.0,52.7
354,,Respiratory System,22010-22060,2006.0,2006.0,Connecticut,9.0,2894.0,3517460.0,73.9
355,,Respiratory System,22010-22060,2006.0,2006.0,Delaware,10.0,862.0,859268.0,90.9
356,,Respiratory System,22010-22060,2006.0,2006.0,District Of Columbia,11.0,383.0,570681.0,69.1
357,,Respiratory System,22010-22060,2006.0,2006.0,Florida,12.0,17490.0,18166990.0,75.4
358,,Respiratory System,22010-22060,2006.0,2006.0,Georgia,13.0,6347.0,9155813.0,79.0
359,,Respiratory System,22010-22060,2006.0,2006.0,Hawaii,15.0,803.0,1309731.0,55.4
360,,Respiratory System,22010-22060,2006.0,2006.0,Idaho,16.0,852.0,1468669.0,60.2
361,,Respiratory System,22010-22060,2006.0,2006.0,Illinois,17.0,9922.0,12643955.0,78.6
362,,Respiratory System,22010-22060,2006.0,2006.0,Indiana,18.0,5651.0,6332669.0,87.1
363,,Respiratory System,22010-22060,2006.0,2006.0,Iowa,19.0,2554.0,2982644.0,74.1
364,,Respiratory System,22010-22060,2006.0,2006.0,Kansas,20.0,2011.0,2762931.0,69.6
365,,Respiratory System,22010-22060,2006.0,2006.0,Kentucky,21.0,4913.0,4219239.0,109.0
366,,Respiratory System,22010-22060,2006.0,2006.0,Louisiana,22.0,3719.0,4302665.0,85.4
367,,Respiratory System,22010-22060,2006.0,2006.0,Maine,23.0,1381.0,1323619.0,86.8
368,,Respiratory System,22010-22060,2006.0,2006.0,Maryland,24.0,4026.0,5627367.0,72.3
369,,Respiratory System,22010-22060,2006.0,2006.0,Massachusetts,25.0,5419.0,6410084.0,77.6
370,,Respiratory System,22010-22060,2006.0,2006.0,Michigan,26.0,8465.0,10036081.0,80.0
371,,Respiratory System,22010-22060,2006.0,2006.0,Minnesota,27.0,3134.0,5163555.0,60.2
372,,Respiratory System,22010-22060,2006.0,2006.0,Mississippi,28.0,2559.0,2904978.0,85.9
373,,Respiratory System,22010-22060,2006.0,2006.0,Missouri,29.0,5560.0,5842704.0,87.1
374,,Respiratory System,22010-22060,2006.0,2006.0,Montana,30.0,759.0,952692.0,70.1
375,,Respiratory System,22010-22060,2006.0,2006.0,Nebraska,31.0,1293.0,1772693.0,68.6
376,,Respiratory System,22010-22060,2006.0,2006.0,Nevada,32.0,1893.0,2522658.0,79.2
377,,Respiratory System,22010-22060,2006.0,2006.0,New Hampshire,33.0,1068.0,1308389.0,76.8
378,,Respiratory System,22010-22060,2006.0,2006.0,New Jersey,34.0,6618.0,8661679.0,71.3
379,,Respiratory System,22010-22060,2006.0,2006.0,New Mexico,35.0,1011.0,1962137.0,50.1
380,,Respiratory System,22010-22060,2006.0,2006.0,New York,36.0,14362.0,19104631.0,70.3
381,,Respiratory System,22010-22060,2006.0,2006.0,North Carolina,37.0,7593.0,8917270.0,82.4
382,,Respiratory System,22010-22060,2006.0,2006.0,North Dakota,38.0,435.0,649422.0,59.5
383,,Respiratory System,22010-22060,2006.0,2006.0,Ohio,39.0,10321.0,11481213.0,81.8
384,,Respiratory System,22010-22060,2006.0,2006.0,Oklahoma,40.0,3428.0,3594090.0,88.2
385,,Respiratory System,22010-22060,2006.0,2006.0,Oregon,41.0,2829.0,3670883.0,70.8
386,,Respiratory System,22010-22060,2006.0,2006.0,Pennsylvania,42.0,11382.0,12510809.0,75.6
387,,Respiratory System,22010-22060,2006.0,2006.0,Rhode Island,44.0,930.0,1063096.0,78.1
388,,Respiratory System,22010-22060,2006.0,2006.0,South Carolina,45.0,3773.0,4357847.0,80.5
389,,Respiratory System,22010-22060,2006.0,2006.0,South Dakota,46.0,569.0,783033.0,64.8
390,,Respiratory System,22010-22060,2006.0,2006.0,Tennessee,47.0,5798.0,6088766.0,89.0
391,,Respiratory System,22010-22060,2006.0,2006.0,Texas,48.0,13963.0,23359580.0,69.9
392,,Respiratory System,22010-22060,2006.0,2006.0,Utah,49.0,621.0,2525507.0,32.5
393,,Respiratory System,22010-22060,2006.0,2006.0,Vermont,50.0,605.0,622892.0,86.6
394,,Respiratory System,22010-22060,2006.0,2006.0,Virginia,51.0,5522.0,7673725.0,73.2
395,,Respiratory System,22010-22060,2006.0,2006.0,Washington,53.0,4429.0,6370753.0,71.3
396,,Respiratory System,22010-22060,2006.0,2006.0,West Virginia,54.0,2232.0,1827912.0,97.4
397,,Respiratory System,22010-22060,2006.0,2006.0,Wisconsin,55.0,4124.0,5577655.0,69.3
398,,Respiratory System,22010-22060,2006.0,2006.0,Wyoming,56.0,302.0,522667.0,56.2
399,,Respiratory System,22010-22060,2007.0,2007.0,Alabama,1.0,4197.0,4672840.0,81.1
400,,Respiratory System,22010-22060,2007.0,2007.0,Alaska,2.0,361.0,680300.0,73.7
401,,Respiratory System,22010-22060,2007.0,2007.0,Arizona,4.0,3864.0,6167681.0,59.7
402,,Respiratory System,22010-22060,2007.0,2007.0,Arkansas,5.0,2875.0,2848650.0,89.3
403,,Respiratory System,22010-22060,2007.0,2007.0,California,6.0,18685.0,36250311.0,56.4
404,,Respiratory System,22010-22060,2007.0,2007.0,Colorado,8.0,2362.0,4803868.0,54.7
405,,Respiratory System,22010-22060,2007.0,2007.0,Connecticut,9.0,2872.0,3527270.0,72.2
406,,Respiratory System,22010-22060,2007.0,2007.0,Delaware,10.0,795.0,871749.0,81.1
407,,Respiratory System,22010-22060,2007.0,2007.0,District Of Columbia,11.0,370.0,574404.0,66.4
408,,Respiratory System,22010-22060,2007.0,2007.0,Florida,12.0,17390.0,18367842.0,73.6
409,,Respiratory System,22010-22060,2007.0,2007.0,Georgia,13.0,6602.0,9349988.0,79.5
410,,Respiratory System,22010-22060,2007.0,2007.0,Hawaii,15.0,848.0,1315675.0,56.3
411,,Respiratory System,22010-22060,2007.0,2007.0,Idaho,16.0,887.0,1505105.0,60.6
412,,Respiratory System,22010-22060,2007.0,2007.0,Illinois,17.0,10065.0,12695866.0,78.5
413,,Respiratory System,22010-22060,2007.0,2007.0,Indiana,18.0,5649.0,6379599.0,85.1
414,,Respiratory System,22010-22060,2007.0,2007.0,Iowa,19.0,2583.0,2999212.0,73.7
415,,Respiratory System,22010-22060,2007.0,2007.0,Kansas,20.0,2052.0,2783785.0,69.7
416,,Respiratory System,22010-22060,2007.0,2007.0,Kentucky,21.0,4942.0,4256672.0,106.6
417,,Respiratory System,22010-22060,2007.0,2007.0,Louisiana,22.0,3744.0,4375581.0,83.9
418,,Respiratory System,22010-22060,2007.0,2007.0,Maine,23.0,1370.0,1327040.0,83.6
419,,Respiratory System,22010-22060,2007.0,2007.0,Maryland,24.0,4066.0,5653408.0,72.0
420,,Respiratory System,22010-22060,2007.0,2007.0,Massachusetts,25.0,5391.0,6431559.0,76.2
421,,Respiratory System,22010-22060,2007.0,2007.0,Michigan,26.0,8778.0,10001284.0,81.6
422,,Respiratory System,22010-22060,2007.0,2007.0,Minnesota,27.0,3266.0,5207203.0,61.8
423,,Respiratory System,22010-22060,2007.0,2007.0,Mississippi,28.0,2745.0,2928350.0,90.5
424,,Respiratory System,22010-22060,2007.0,2007.0,Missouri,29.0,5368.0,5887612.0,82.7
425,,Respiratory System,22010-22060,2007.0,2007.0,Montana,30.0,802.0,964706.0,70.8
426,,Respiratory System,22010-22060,2007.0,2007.0,Nebraska,31.0,1394.0,1783440.0,72.6
427,,Respiratory System,22010-22060,2007.0,2007.0,Nevada,32.0,1807.0,2601072.0,73.0
428,,Respiratory System,22010-22060,2007.0,2007.0,New Hampshire,33.0,1078.0,1312540.0,76.2
429,,Respiratory System,22010-22060,2007.0,2007.0,New Jersey,34.0,6600.0,8677885.0,70.4
430,,Respiratory System,22010-22060,2007.0,2007.0,New Mexico,35.0,1059.0,1990070.0,51.2
431,,Respiratory System,22010-22060,2007.0,2007.0,New York,36.0,14524.0,19132335.0,70.1
432,,Respiratory System,22010-22060,2007.0,2007.0,North Carolina,37.0,7735.0,9118037.0,81.1
433,,Respiratory System,22010-22060,2007.0,2007.0,North Dakota,38.0,444.0,652822.0,59.8
434,,Respiratory System,22010-22060,2007.0,2007.0,Ohio,39.0,10283.0,11500468.0,80.4
435,,Respiratory System,22010-22060,2007.0,2007.0,Oklahoma,40.0,3437.0,3634349.0,87.2
436,,Respiratory System,22010-22060,2007.0,2007.0,Oregon,41.0,2798.0,3722417.0,68.2
437,,Respiratory System,22010-22060,2007.0,2007.0,Pennsylvania,42.0,11645.0,12563937.0,76.4
438,,Respiratory System,22010-22060,2007.0,2007.0,Rhode Island,44.0,974.0,1057315.0,80.8
439,,Respiratory System,22010-22060,2007.0,2007.0,South Carolina,45.0,3911.0,4444110.0,81.1
440,,Respiratory System,22010-22060,2007.0,2007.0,South Dakota,46.0,587.0,791623.0,65.2
441,,Respiratory System,22010-22060,2007.0,2007.0,Tennessee,47.0,5696.0,6175727.0,85.1
442,,Respiratory System,22010-22060,2007.0,2007.0,Texas,48.0,14349.0,23831983.0,69.8
443,,Respiratory System,22010-22060,2007.0,2007.0,Utah,49.0,601.0,2597746.0,31.0
444,,Respiratory System,22010-22060,2007.0,2007.0,Vermont,50.0,560.0,623481.0,77.5
445,,Respiratory System,22010-22060,2007.0,2007.0,Virginia,51.0,5438.0,7751000.0,70.5
446,,Respiratory System,22010-22060,2007.0,2007.0,Washington,53.0,4223.0,6461587.0,65.9
447,,Respiratory System,22010-22060,2007.0,2007.0,West Virginia,54.0,2179.0,1834052.0,94.1
448,,Respiratory System,22010-22060,2007.0,2007.0,Wisconsin,55.0,4131.0,5610775.0,68.1
449,,Respiratory System,22010-22060,2007.0,2007.0,Wyoming,56.0,292.0,534876.0,52.9
450,,Respiratory System,22010-22060,2008.0,2008.0,Alabama,1.0,4472.0,4718206.0,84.7
451,,Respiratory System,22010-22060,2008.0,2008.0,Alaska,2.0,373.0,687455.0,75.9
452,,Respiratory System,22010-22060,2008.0,2008.0,Arizona,4.0,3874.0,6280362.0,58.2
453,,Respiratory System,22010-22060,2008.0,2008.0,Arkansas,5.0,2859.0,2874554.0,86.6
454,,Respiratory System,22010-22060,2008.0,2008.0,California,6.0,18521.0,36604337.0,54.4
455,,Respiratory System,22010-22060,2008.0,2008.0,Colorado,8.0,2434.0,4889730.0,54.6
456,,Respiratory System,22010-22060,2008.0,2008.0,Connecticut,9.0,2885.0,3545579.0,71.4
457,,Respiratory System,22010-22060,2008.0,2008.0,Delaware,10.0,825.0,883874.0,82.0
458,,Respiratory System,22010-22060,2008.0,2008.0,District Of Columbia,11.0,360.0,580236.0,64.1
459,,Respiratory System,22010-22060,2008.0,2008.0,Florida,12.0,17822.0,18527305.0,73.7
460,,Respiratory System,22010-22060,2008.0,2008.0,Georgia,13.0,6723.0,9504843.0,78.2
461,,Respiratory System,22010-22060,2008.0,2008.0,Hawaii,15.0,867.0,1332213.0,56.4
462,,Respiratory System,22010-22060,2008.0,2008.0,Idaho,16.0,918.0,1534320.0,60.4
463,,Respiratory System,22010-22060,2008.0,2008.0,Illinois,17.0,10077.0,12747038.0,77.1
464,,Respiratory System,22010-22060,2008.0,2008.0,Indiana,18.0,5758.0,6424806.0,85.0
465,,Respiratory System,22010-22060,2008.0,2008.0,Iowa,19.0,2631.0,3016734.0,74.3
466,,Respiratory System,22010-22060,2008.0,2008.0,Kansas,20.0,2045.0,2808076.0,68.5
467,,Respiratory System,22010-22060,2008.0,2008.0,Kentucky,21.0,5128.0,4289878.0,108.7
468,,Respiratory System,22010-22060,2008.0,2008.0,Louisiana,22.0,3822.0,4435586.0,83.6
469,,Respiratory System,22010-22060,2008.0,2008.0,Maine,23.0,1373.0,1330509.0,82.4
470,,Respiratory System,22010-22060,2008.0,2008.0,Maryland,24.0,4137.0,5684965.0,71.6
471,,Respiratory System,22010-22060,2008.0,2008.0,Massachusetts,25.0,5507.0,6468967.0,76.5
472,,Respiratory System,22010-22060,2008.0,2008.0,Michigan,26.0,8422.0,9946889.0,76.8
473,,Respiratory System,22010-22060,2008.0,2008.0,Minnesota,27.0,3318.0,5247018.0,60.9
474,,Respiratory System,22010-22060,2008.0,2008.0,Mississippi,28.0,2799.0,2947806.0,91.1
475,,Respiratory System,22010-22060,2008.0,2008.0,Missouri,29.0,5486.0,5923916.0,82.8
476,,Respiratory System,22010-22060,2008.0,2008.0,Montana,30.0,741.0,976415.0,64.2
477,,Respiratory System,22010-22060,2008.0,2008.0,Nebraska,31.0,1291.0,1796378.0,66.6
478,,Respiratory System,22010-22060,2008.0,2008.0,Nevada,32.0,1884.0,2653630.0,74.1
479,,Respiratory System,22010-22060,2008.0,2008.0,New Hampshire,33.0,1125.0,1315906.0,77.4
480,,Respiratory System,22010-22060,2008.0,2008.0,New Jersey,34.0,6601.0,8711090.0,69.3
481,,Respiratory System,22010-22060,2008.0,2008.0,New Mexico,35.0,1046.0,2010662.0,49.1
482,,Respiratory System,22010-22060,2008.0,2008.0,New York,36.0,14839.0,19212436.0,70.7
483,,Respiratory System,22010-22060,2008.0,2008.0,North Carolina,37.0,7876.0,9309449.0,79.8
484,,Respiratory System,22010-22060,2008.0,2008.0,North Dakota,38.0,432.0,657569.0,57.1
485,,Respiratory System,22010-22060,2008.0,2008.0,Ohio,39.0,10419.0,11515391.0,80.0
486,,Respiratory System,22010-22060,2008.0,2008.0,Oklahoma,40.0,3464.0,3668976.0,86.0
487,,Respiratory System,22010-22060,2008.0,2008.0,Oregon,41.0,2899.0,3768748.0,68.9
488,,Respiratory System,22010-22060,2008.0,2008.0,Pennsylvania,42.0,11521.0,12612285.0,74.6
489,,Respiratory System,22010-22060,2008.0,2008.0,Rhode Island,44.0,992.0,1055003.0,81.4
490,,Respiratory System,22010-22060,2008.0,2008.0,South Carolina,45.0,3902.0,4528996.0,78.1
491,,Respiratory System,22010-22060,2008.0,2008.0,South Dakota,46.0,592.0,799124.0,65.2
492,,Respiratory System,22010-22060,2008.0,2008.0,Tennessee,47.0,5834.0,6247411.0,84.6
493,,Respiratory System,22010-22060,2008.0,2008.0,Texas,48.0,14486.0,24309039.0,68.4
494,,Respiratory System,22010-22060,2008.0,2008.0,Utah,49.0,579.0,2663029.0,28.7
495,,Respiratory System,22010-22060,2008.0,2008.0,Vermont,50.0,538.0,624151.0,73.5
496,,Respiratory System,22010-22060,2008.0,2008.0,Virginia,51.0,5736.0,7833496.0,72.5
497,,Respiratory System,22010-22060,2008.0,2008.0,Washington,53.0,4471.0,6562231.0,68.1
498,,Respiratory System,22010-22060,2008.0,2008.0,West Virginia,54.0,2297.0,1840310.0,97.2
499,,Respiratory System,22010-22060,2008.0,2008.0,Wisconsin,55.0,4223.0,5640996.0,68.1
500,,Respiratory System,22010-22060,2008.0,2008.0,Wyoming,56.0,326.0,546043.0,56.8
501,,Respiratory System,22010-22060,2009.0,2009.0,Alabama,1.0,4382.0,4757938.0,81.4
502,,Respiratory System,22010-22060,2009.0,2009.0,Alaska,2.0,386.0,698895.0,76.3
503,,Respiratory System,22010-22060,2009.0,2009.0,Arizona,4.0,4113.0,6343154.0,60.0
504,,Respiratory System,22010-22060,2009.0,2009.0,Arkansas,5.0,2755.0,2896843.0,82.1
505,,Respiratory System,22010-22060,2009.0,2009.0,California,6.0,19170.0,36961229.0,55.1
506,,Respiratory System,22010-22060,2009.0,2009.0,Colorado,8.0,2397.0,4972195.0,52.1
507,,Respiratory System,22010-22060,2009.0,2009.0,Connecticut,9.0,2840.0,3561807.0,69.6
508,,Respiratory System,22010-22060,2009.0,2009.0,Delaware,10.0,805.0,891730.0,79.0
509,,Respiratory System,22010-22060,2009.0,2009.0,District Of Columbia,11.0,383.0,592228.0,66.8
510,,Respiratory System,22010-22060,2009.0,2009.0,Florida,12.0,17782.0,18652644.0,72.0
511,,Respiratory System,22010-22060,2009.0,2009.0,Georgia,13.0,6829.0,9620846.0,77.4
512,,Respiratory System,22010-22060,2009.0,2009.0,Hawaii,15.0,830.0,1346717.0,52.4
513,,Respiratory System,22010-22060,2009.0,2009.0,Idaho,16.0,874.0,1554439.0,56.2
514,,Respiratory System,22010-22060,2009.0,2009.0,Illinois,17.0,10285.0,12796778.0,77.7
515,,Respiratory System,22010-22060,2009.0,2009.0,Indiana,18.0,5737.0,6459325.0,83.0
516,,Respiratory System,22010-22060,2009.0,2009.0,Iowa,19.0,2649.0,3032870.0,73.4
517,,Respiratory System,22010-22060,2009.0,2009.0,Kansas,20.0,2055.0,2832704.0,67.3
518,,Respiratory System,22010-22060,2009.0,2009.0,Kentucky,21.0,5085.0,4317074.0,105.8
519,,Respiratory System,22010-22060,2009.0,2009.0,Louisiana,22.0,3768.0,4491648.0,80.4
520,,Respiratory System,22010-22060,2009.0,2009.0,Maine,23.0,1437.0,1329590.0,84.6
521,,Respiratory System,22010-22060,2009.0,2009.0,Maryland,24.0,3979.0,5730388.0,67.0
522,,Respiratory System,22010-22060,2009.0,2009.0,Massachusetts,25.0,5574.0,6517613.0,76.1
523,,Respiratory System,22010-22060,2009.0,2009.0,Michigan,26.0,8343.0,9901591.0,74.9
524,,Respiratory System,22010-22060,2009.0,2009.0,Minnesota,27.0,3405.0,5281203.0,61.2
525,,Respiratory System,22010-22060,2009.0,2009.0,Mississippi,28.0,2705.0,2958774.0,86.0
526,,Respiratory System,22010-22060,2009.0,2009.0,Missouri,29.0,5755.0,5961088.0,85.3
527,,Respiratory System,22010-22060,2009.0,2009.0,Montana,30.0,773.0,983982.0,65.5
528,,Respiratory System,22010-22060,2009.0,2009.0,Nebraska,31.0,1252.0,1812683.0,63.1
529,,Respiratory System,22010-22060,2009.0,2009.0,Nevada,32.0,1820.0,2684665.0,68.4
530,,Respiratory System,22010-22060,2009.0,2009.0,New Hampshire,33.0,1113.0,1316102.0,74.6
531,,Respiratory System,22010-22060,2009.0,2009.0,New Jersey,34.0,6473.0,8755602.0,66.7
532,,Respiratory System,22010-22060,2009.0,2009.0,New Mexico,35.0,1056.0,2036802.0,48.1
533,,Respiratory System,22010-22060,2009.0,2009.0,New York,36.0,14690.0,19307066.0,68.9
534,,Respiratory System,22010-22060,2009.0,2009.0,North Carolina,37.0,8082.0,9449566.0,79.7
535,,Respiratory System,22010-22060,2009.0,2009.0,North Dakota,38.0,450.0,664968.0,58.3
536,,Respiratory System,22010-22060,2009.0,2009.0,Ohio,39.0,10618.0,11528896.0,80.4
537,,Respiratory System,22010-22060,2009.0,2009.0,Oklahoma,40.0,3226.0,3717572.0,79.0
538,,Respiratory System,22010-22060,2009.0,2009.0,Oregon,41.0,2881.0,3808600.0,67.1
539,,Respiratory System,22010-22060,2009.0,2009.0,Pennsylvania,42.0,11528.0,12666858.0,73.8
540,,Respiratory System,22010-22060,2009.0,2009.0,Rhode Island,44.0,976.0,1053646.0,80.3
541,,Respiratory System,22010-22060,2009.0,2009.0,South Carolina,45.0,4053.0,4589872.0,79.2
542,,Respiratory System,22010-22060,2009.0,2009.0,South Dakota,46.0,590.0,807067.0,63.6
543,,Respiratory System,22010-22060,2009.0,2009.0,Tennessee,47.0,6079.0,6306019.0,86.3
544,,Respiratory System,22010-22060,2009.0,2009.0,Texas,48.0,14003.0,24801761.0,64.2
545,,Respiratory System,22010-22060,2009.0,2009.0,Utah,49.0,677.0,2723421.0,32.7
546,,Respiratory System,22010-22060,2009.0,2009.0,Vermont,50.0,566.0,624817.0,76.3
547,,Respiratory System,22010-22060,2009.0,2009.0,Virginia,51.0,5822.0,7925937.0,71.5
548,,Respiratory System,22010-22060,2009.0,2009.0,Washington,53.0,4591.0,6667426.0,67.6
549,,Respiratory System,22010-22060,2009.0,2009.0,West Virginia,54.0,2209.0,1847775.0,92.1
550,,Respiratory System,22010-22060,2009.0,2009.0,Wisconsin,55.0,4123.0,5669264.0,65.1
551,,Respiratory System,22010-22060,2009.0,2009.0,Wyoming,56.0,330.0,559851.0,56.4
552,,Respiratory System,22010-22060,2010.0,2010.0,Alabama,1.0,4352.0,4785161.0,78.9
553,,Respiratory System,22010-22060,2010.0,2010.0,Alaska,2.0,382.0,714021.0,70.7
554,,Respiratory System,22010-22060,2010.0,2010.0,Arizona,4.0,3888.0,6408208.0,54.8
555,,Respiratory System,22010-22060,2010.0,2010.0,Arkansas,5.0,2807.0,2922394.0,81.9
556,,Respiratory System,22010-22060,2010.0,2010.0,California,6.0,18503.0,37334079.0,51.8
557,,Respiratory System,22010-22060,2010.0,2010.0,Colorado,8.0,2352.0,5048254.0,49.7
558,,Respiratory System,22010-22060,2010.0,2010.0,Connecticut,9.0,2866.0,3579717.0,68.7
559,,Respiratory System,22010-22060,2010.0,2010.0,Delaware,10.0,789.0,899791.0,75.2
560,,Respiratory System,22010-22060,2010.0,2010.0,District Of Columbia,11.0,384.0,605126.0,65.9
561,,Respiratory System,22010-22060,2010.0,2010.0,Florida,12.0,17806.0,18849890.0,70.5
562,,Respiratory System,22010-22060,2010.0,2010.0,Georgia,13.0,6611.0,9713454.0,72.0
563,,Respiratory System,22010-22060,2010.0,2010.0,Hawaii,15.0,790.0,1363980.0,49.0
564,,Respiratory System,22010-22060,2010.0,2010.0,Idaho,16.0,893.0,1570986.0,55.7
565,,Respiratory System,22010-22060,2010.0,2010.0,Illinois,17.0,9976.0,12841249.0,74.1
566,,Respiratory System,22010-22060,2010.0,2010.0,Indiana,18.0,5706.0,6490590.0,81.2
567,,Respiratory System,22010-22060,2010.0,2010.0,Iowa,19.0,2592.0,3050694.0,71.5
568,,Respiratory System,22010-22060,2010.0,2010.0,Kansas,20.0,2107.0,2858824.0,67.6
569,,Respiratory System,22010-22060,2010.0,2010.0,Kentucky,21.0,5264.0,4347937.0,107.7
570,,Respiratory System,22010-22060,2010.0,2010.0,Louisiana,22.0,3819.0,4544951.0,80.2
571,,Respiratory System,22010-22060,2010.0,2010.0,Maine,23.0,1360.0,1327695.0,78.5
572,,Respiratory System,22010-22060,2010.0,2010.0,Maryland,24.0,3909.0,5788409.0,64.6
573,,Respiratory System,22010-22060,2010.0,2010.0,Massachusetts,25.0,5268.0,6565036.0,70.7
574,,Respiratory System,22010-22060,2010.0,2010.0,Michigan,26.0,8688.0,9877369.0,76.5
575,,Respiratory System,22010-22060,2010.0,2010.0,Minnesota,27.0,3447.0,5310903.0,60.9
576,,Respiratory System,22010-22060,2010.0,2010.0,Mississippi,28.0,2671.0,2970316.0,83.3
577,,Respiratory System,22010-22060,2010.0,2010.0,Missouri,29.0,5592.0,5996052.0,81.1
578,,Respiratory System,22010-22060,2010.0,2010.0,Montana,30.0,738.0,990643.0,61.7
579,,Respiratory System,22010-22060,2010.0,2010.0,Nebraska,31.0,1308.0,1830025.0,64.9
580,,Respiratory System,22010-22060,2010.0,2010.0,Nevada,32.0,1762.0,2703440.0,65.3
581,,Respiratory System,22010-22060,2010.0,2010.0,New Hampshire,33.0,1139.0,1316708.0,74.4
582,,Respiratory System,22010-22060,2010.0,2010.0,New Jersey,34.0,6177.0,8803881.0,62.9
583,,Respiratory System,22010-22060,2010.0,2010.0,New Mexico,35.0,1017.0,2064741.0,45.3
584,,Respiratory System,22010-22060,2010.0,2010.0,New York,36.0,14449.0,19402920.0,66.8
585,,Respiratory System,22010-22060,2010.0,2010.0,North Carolina,37.0,8103.0,9558979.0,78.0
586,,Respiratory System,22010-22060,2010.0,2010.0,North Dakota,38.0,463.0,674530.0,59.3
587,,Respiratory System,22010-22060,2010.0,2010.0,Ohio,39.0,10434.0,11540766.0,77.6
588,,Respiratory System,22010-22060,2010.0,2010.0,Oklahoma,40.0,3118.0,3759596.0,74.5
589,,Respiratory System,22010-22060,2010.0,2010.0,Oregon,41.0,2762.0,3837972.0,62.5
590,,Respiratory System,22010-22060,2010.0,2010.0,Pennsylvania,42.0,11427.0,12712014.0,72.3
591,,Respiratory System,22010-22060,2010.0,2010.0,Rhode Island,44.0,897.0,1053219.0,72.6
592,,Respiratory System,22010-22060,2010.0,2010.0,South Carolina,45.0,4034.0,4635894.0,76.1
593,,Respiratory System,22010-22060,2010.0,2010.0,South Dakota,46.0,611.0,816299.0,64.8
594,,Respiratory System,22010-22060,2010.0,2010.0,Tennessee,47.0,6061.0,6356585.0,84.5
595,,Respiratory System,22010-22060,2010.0,2010.0,Texas,48.0,14062.0,25244363.0,62.6
596,,Respiratory System,22010-22060,2010.0,2010.0,Utah,49.0,644.0,2775426.0,30.3
597,,Respiratory System,22010-22060,2010.0,2010.0,Vermont,50.0,588.0,625984.0,77.3
598,,Respiratory System,22010-22060,2010.0,2010.0,Virginia,51.0,5645.0,8025787.0,67.7
599,,Respiratory System,22010-22060,2010.0,2010.0,Washington,53.0,4675.0,6743060.0,67.2
600,,Respiratory System,22010-22060,2010.0,2010.0,West Virginia,54.0,2107.0,1854225.0,86.9
601,,Respiratory System,22010-22060,2010.0,2010.0,Wisconsin,55.0,4367.0,5690204.0,68.0
602,,Respiratory System,22010-22060,2010.0,2010.0,Wyoming,56.0,335.0,564516.0,55.9
603,,Respiratory System,22010-22060,2011.0,2011.0,Alabama,1.0,4376.0,4801108.0,78.2
604,,Respiratory System,22010-22060,2011.0,2011.0,Alaska,2.0,372.0,722720.0,68.4
605,,Respiratory System,22010-22060,2011.0,2011.0,Arizona,4.0,4066.0,6468732.0,55.7
606,,Respiratory System,22010-22060,2011.0,2011.0,Arkansas,5.0,2842.0,2938538.0,81.8
607,,Respiratory System,22010-22060,2011.0,2011.0,California,6.0,17850.0,37700034.0,48.6
608,,Respiratory System,22010-22060,2011.0,2011.0,Colorado,8.0,2404.0,5119480.0,49.0
609,,Respiratory System,22010-22060,2011.0,2011.0,Connecticut,9.0,2840.0,3589759.0,67.6
610,,Respiratory System,22010-22060,2011.0,2011.0,Delaware,10.0,862.0,907916.0,80.3
611,,Respiratory System,22010-22060,2011.0,2011.0,District Of Columbia,11.0,367.0,620472.0,62.1
612,,Respiratory System,22010-22060,2011.0,2011.0,Florida,12.0,17469.0,19105533.0,67.2
613,,Respiratory System,22010-22060,2011.0,2011.0,Georgia,13.0,6756.0,9812280.0,72.2
614,,Respiratory System,22010-22060,2011.0,2011.0,Hawaii,15.0,818.0,1378227.0,50.4
615,,Respiratory System,22010-22060,2011.0,2011.0,Idaho,16.0,907.0,1584134.0,55.3
616,,Respiratory System,22010-22060,2011.0,2011.0,Illinois,17.0,10035.0,12861882.0,73.2
617,,Respiratory System,22010-22060,2011.0,2011.0,Indiana,18.0,5775.0,6516845.0,80.7
618,,Respiratory System,22010-22060,2011.0,2011.0,Iowa,19.0,2530.0,3065389.0,68.3
619,,Respiratory System,22010-22060,2011.0,2011.0,Kansas,20.0,2106.0,2869917.0,66.6
620,,Respiratory System,22010-22060,2011.0,2011.0,Kentucky,21.0,5085.0,4367882.0,102.0
621,,Respiratory System,22010-22060,2011.0,2011.0,Louisiana,22.0,3753.0,4575381.0,77.1
622,,Respiratory System,22010-22060,2011.0,2011.0,Maine,23.0,1318.0,1328257.0,74.8
623,,Respiratory System,22010-22060,2011.0,2011.0,Maryland,24.0,3977.0,5844171.0,64.1
624,,Respiratory System,22010-22060,2011.0,2011.0,Massachusetts,25.0,5312.0,6611797.0,70.2
625,,Respiratory System,22010-22060,2011.0,2011.0,Michigan,26.0,8516.0,9876589.0,73.7
626,,Respiratory System,22010-22060,2011.0,2011.0,Minnesota,27.0,3355.0,5348119.0,57.3
627,,Respiratory System,22010-22060,2011.0,2011.0,Mississippi,28.0,2653.0,2977999.0,80.9
628,,Respiratory System,22010-22060,2011.0,2011.0,Missouri,29.0,5677.0,6010587.0,81.5
629,,Respiratory System,22010-22060,2011.0,2011.0,Montana,30.0,794.0,997746.0,64.6
630,,Respiratory System,22010-22060,2011.0,2011.0,Nebraska,31.0,1269.0,1842383.0,62.1
631,,Respiratory System,22010-22060,2011.0,2011.0,New Hampshire,33.0,1154.0,1318344.0,74.5
632,,Respiratory System,22010-22060,2011.0,2011.0,New Jersey,34.0,6397.0,8842934.0,64.2
633,,Respiratory System,22010-22060,2011.0,2011.0,New Mexico,35.0,1045.0,2078226.0,45.1
634,,Respiratory System,22010-22060,2011.0,2011.0,New York,36.0,14713.0,19523202.0,66.7
635,,Respiratory System,22010-22060,2011.0,2011.0,North Carolina,37.0,8029.0,9651025.0,75.1
636,,Respiratory System,22010-22060,2011.0,2011.0,North Dakota,38.0,516.0,685326.0,64.9
637,,Respiratory System,22010-22060,2011.0,2011.0,Ohio,39.0,10391.0,11545442.0,76.5
638,,Respiratory System,22010-22060,2011.0,2011.0,Oklahoma,40.0,3284.0,3786626.0,77.5
639,,Respiratory System,22010-22060,2011.0,2011.0,Oregon,41.0,2924.0,3868509.0,65.1
640,,Respiratory System,22010-22060,2011.0,2011.0,Pennsylvania,42.0,11515.0,12745202.0,72.0
641,,Respiratory System,22010-22060,2011.0,2011.0,Rhode Island,44.0,890.0,1051856.0,71.3
642,,Respiratory System,22010-22060,2011.0,2011.0,South Carolina,45.0,4034.0,4672733.0,74.6
643,,Respiratory System,22010-22060,2011.0,2011.0,South Dakota,46.0,600.0,824289.0,62.6
644,,Respiratory System,22010-22060,2011.0,2011.0,Tennessee,47.0,6002.0,6398408.0,81.7
645,,Respiratory System,22010-22060,2011.0,2011.0,Texas,48.0,13891.0,25654464.0,59.7
646,,Respiratory System,22010-22060,2011.0,2011.0,Utah,49.0,701.0,2816440.0,31.7
647,,Respiratory System,22010-22060,2011.0,2011.0,Vermont,50.0,565.0,626687.0,72.5
648,,Respiratory System,22010-22060,2011.0,2011.0,Virginia,51.0,5539.0,8110783.0,64.8
649,,Respiratory System,22010-22060,2011.0,2011.0,Washington,53.0,4587.0,6823229.0,64.0
650,,Respiratory System,22010-22060,2011.0,2011.0,West Virginia,54.0,2181.0,1854948.0,89.1
651,,Respiratory System,22010-22060,2011.0,2011.0,Wisconsin,55.0,4415.0,5709720.0,66.9
652,,Respiratory System,22010-22060,2011.0,2011.0,Wyoming,56.0,313.0,567768.0,51.6
653,,Respiratory System,22010-22060,2012.0,2012.0,Alabama,1.0,4331.0,4816089.0,75.4
654,,Respiratory System,22010-22060,2012.0,2012.0,Alaska,2.0,361.0,731228.0,61.6
655,,Respiratory System,22010-22060,2012.0,2012.0,Arizona,4.0,4042.0,6553262.0,53.2
656,,Respiratory System,22010-22060,2012.0,2012.0,Arkansas,5.0,2899.0,2949499.0,81.6
657,,Respiratory System,22010-22060,2012.0,2012.0,California,6.0,18081.0,38056055.0,47.9
658,,Respiratory System,22010-22060,2012.0,2012.0,Colorado,8.0,2475.0,5191731.0,48.3
659,,Respiratory System,22010-22060,2012.0,2012.0,Connecticut,9.0,2852.0,3593541.0,66.2
660,,Respiratory System,22010-22060,2012.0,2012.0,Delaware,10.0,819.0,917099.0,73.6
661,,Respiratory System,22010-22060,2012.0,2012.0,District Of Columbia,11.0,420.0,635342.0,67.9
662,,Respiratory System,22010-22060,2012.0,2012.0,Florida,12.0,17992.0,19352021.0,67.3
663,,Respiratory System,22010-22060,2012.0,2012.0,Georgia,13.0,7169.0,9917639.0,73.1
664,,Respiratory System,22010-22060,2012.0,2012.0,Hawaii,15.0,832.0,1392641.0,49.0
665,,Respiratory System,22010-22060,2012.0,2012.0,Idaho,16.0,949.0,1596097.0,55.3
666,,Respiratory System,22010-22060,2012.0,2012.0,Illinois,17.0,9975.0,12875167.0,71.5
667,,Respiratory System,22010-22060,2012.0,2012.0,Indiana,18.0,5605.0,6538283.0,76.7
668,,Respiratory System,22010-22060,2012.0,2012.0,Iowa,19.0,2571.0,3076636.0,68.7
669,,Respiratory System,22010-22060,2012.0,2012.0,Kansas,20.0,2087.0,2886281.0,64.6
670,,Respiratory System,22010-22060,2012.0,2012.0,Kentucky,21.0,5192.0,4382667.0,101.6
671,,Respiratory System,22010-22060,2012.0,2012.0,Louisiana,22.0,3893.0,4603676.0,77.2
672,,Respiratory System,22010-22060,2012.0,2012.0,Maine,23.0,1455.0,1328888.0,79.9
673,,Respiratory System,22010-22060,2012.0,2012.0,Maryland,24.0,3952.0,5890740.0,62.0
674,,Respiratory System,22010-22060,2012.0,2012.0,Massachusetts,25.0,5353.0,6657780.0,69.2
675,,Respiratory System,22010-22060,2012.0,2012.0,Michigan,26.0,8410.0,9886879.0,71.1
676,,Respiratory System,22010-22060,2012.0,2012.0,Minnesota,27.0,3540.0,5380443.0,59.1
677,,Respiratory System,22010-22060,2012.0,2012.0,Mississippi,28.0,2740.0,2985660.0,82.1
678,,Respiratory System,22010-22060,2012.0,2012.0,Missouri,29.0,5836.0,6025468.0,81.6
679,,Respiratory System,22010-22060,2012.0,2012.0,Montana,30.0,738.0,1005157.0,57.4
680,,Respiratory System,22010-22060,2012.0,2012.0,Nebraska,31.0,1353.0,1855973.0,64.8
681,,Respiratory System,22010-22060,2012.0,2012.0,Nevada,32.0,1839.0,2754874.0,62.9
682,,Respiratory System,22010-22060,2012.0,2012.0,New Hampshire,33.0,1098.0,1321393.0,69.4
683,,Respiratory System,22010-22060,2012.0,2012.0,New Jersey,34.0,6243.0,8874893.0,61.3
684,,Respiratory System,22010-22060,2012.0,2012.0,New Mexico,35.0,1050.0,2084792.0,43.9
685,,Respiratory System,22010-22060,2012.0,2012.0,New York,36.0,14614.0,19606981.0,65.2
686,,Respiratory System,22010-22060,2012.0,2012.0,North Carolina,37.0,8233.0,9747021.0,74.5
687,,Respiratory System,22010-22060,2012.0,2012.0,North Dakota,38.0,514.0,702265.0,62.6
688,,Respiratory System,22010-22060,2012.0,2012.0,Ohio,39.0,10173.0,11551783.0,73.2
689,,Respiratory System,22010-22060,2012.0,2012.0,Oklahoma,40.0,3240.0,3817679.0,75.1
690,,Respiratory System,22010-22060,2012.0,2012.0,Oregon,41.0,2835.0,3899444.0,60.8
691,,Respiratory System,22010-22060,2012.0,2012.0,Pennsylvania,42.0,11302.0,12772789.0,69.4
692,,Respiratory System,22010-22060,2012.0,2012.0,Rhode Island,44.0,979.0,1052393.0,75.5
693,,Respiratory System,22010-22060,2012.0,2012.0,South Carolina,45.0,4199.0,4721341.0,74.4
694,,Respiratory System,22010-22060,2012.0,2012.0,South Dakota,46.0,597.0,834631.0,60.3
695,,Respiratory System,22010-22060,2012.0,2012.0,Tennessee,47.0,6157.0,6455469.0,81.5
696,,Respiratory System,22010-22060,2012.0,2012.0,Texas,48.0,14388.0,26089741.0,59.9
697,,Respiratory System,22010-22060,2012.0,2012.0,Utah,49.0,757.0,2856343.0,33.2
698,,Respiratory System,22010-22060,2012.0,2012.0,Vermont,50.0,564.0,626398.0,68.7
699,,Respiratory System,22010-22060,2012.0,2012.0,Virginia,51.0,5838.0,8193374.0,66.2
700,,Respiratory System,22010-22060,2012.0,2012.0,Washington,53.0,4683.0,6897292.0,63.5
701,,Respiratory System,22010-22060,2012.0,2012.0,West Virginia,54.0,2157.0,1856283.0,85.8
702,,Respiratory System,22010-22060,2012.0,2012.0,Wisconsin,55.0,4355.0,5726422.0,64.5
703,,Respiratory System,22010-22060,2012.0,2012.0,Wyoming,56.0,335.0,577080.0,52.6
704,,Respiratory System,22010-22060,2013.0,2013.0,Alabama,1.0,4222.0,4830533.0,72.6
705,,Respiratory System,22010-22060,2013.0,2013.0,Alaska,2.0,342.0,737442.0,57.8
706,,Respiratory System,22010-22060,2013.0,2013.0,Arizona,4.0,4141.0,6630799.0,52.4
707,,Respiratory System,22010-22060,2013.0,2013.0,Arkansas,5.0,3084.0,2957957.0,85.3
708,,Respiratory System,22010-22060,2013.0,2013.0,California,6.0,17982.0,38414128.0,46.1
709,,Respiratory System,22010-22060,2013.0,2013.0,Colorado,8.0,2453.0,5271132.0,46.4
710,,Respiratory System,22010-22060,2013.0,2013.0,Connecticut,9.0,2934.0,3597168.0,67.2
711,,Respiratory System,22010-22060,2013.0,2013.0,Delaware,10.0,888.0,925353.0,76.0
712,,Respiratory System,22010-22060,2013.0,2013.0,District Of Columbia,11.0,362.0,649540.0,58.9
713,,Respiratory System,22010-22060,2013.0,2013.0,Florida,12.0,17731.0,19594467.0,64.3
714,,Respiratory System,22010-22060,2013.0,2013.0,Georgia,13.0,6988.0,9991562.0,69.6
715,,Respiratory System,22010-22060,2013.0,2013.0,Hawaii,15.0,906.0,1408765.0,53.0
716,,Respiratory System,22010-22060,2013.0,2013.0,Idaho,16.0,897.0,1612785.0,50.9
717,,Respiratory System,22010-22060,2013.0,2013.0,Illinois,17.0,9784.0,12889580.0,68.4
718,,Respiratory System,22010-22060,2013.0,2013.0,Indiana,18.0,5793.0,6570518.0,77.8
719,,Respiratory System,22010-22060,2013.0,2013.0,Iowa,19.0,2588.0,3092224.0,67.8
720,,Respiratory System,22010-22060,2013.0,2013.0,Kansas,20.0,2206.0,2894630.0,67.7
721,,Respiratory System,22010-22060,2013.0,2013.0,Kentucky,21.0,5247.0,4398500.0,101.2
722,,Respiratory System,22010-22060,2013.0,2013.0,Louisiana,22.0,3812.0,4627491.0,74.3
723,,Respiratory System,22010-22060,2013.0,2013.0,Maine,23.0,1482.0,1328778.0,79.9
724,,Respiratory System,22010-22060,2013.0,2013.0,Maryland,24.0,4061.0,5936040.0,61.9
725,,Respiratory System,22010-22060,2013.0,2013.0,Massachusetts,25.0,5324.0,6708810.0,67.1
726,,Respiratory System,22010-22060,2013.0,2013.0,Michigan,26.0,8239.0,9900506.0,68.2
727,,Respiratory System,22010-22060,2013.0,2013.0,Minnesota,27.0,3719.0,5420541.0,60.4
728,,Respiratory System,22010-22060,2013.0,2013.0,Mississippi,28.0,2834.0,2990976.0,83.2
729,,Respiratory System,22010-22060,2013.0,2013.0,Missouri,29.0,5791.0,6043708.0,79.4
730,,Respiratory System,22010-22060,2013.0,2013.0,Montana,30.0,818.0,1014402.0,62.7
731,,Respiratory System,22010-22060,2013.0,2013.0,Nebraska,31.0,1405.0,1869300.0,66.1
732,,Respiratory System,22010-22060,2013.0,2013.0,Nevada,32.0,1898.0,2790366.0,62.9
733,,Respiratory System,22010-22060,2013.0,2013.0,New Hampshire,33.0,1160.0,1322660.0,70.0
734,,Respiratory System,22010-22060,2013.0,2013.0,New Jersey,34.0,6423.0,8907384.0,62.0
735,,Respiratory System,22010-22060,2013.0,2013.0,New Mexico,35.0,1081.0,2086890.0,44.5
736,,Respiratory System,22010-22060,2013.0,2013.0,New York,36.0,14684.0,19691032.0,64.4
737,,Respiratory System,22010-22060,2013.0,2013.0,North Carolina,37.0,8513.0,9845432.0,75.2
738,,Respiratory System,22010-22060,2013.0,2013.0,North Dakota,38.0,506.0,723626.0,61.7
739,,Respiratory System,22010-22060,2013.0,2013.0,Ohio,39.0,10470.0,11572232.0,74.0
740,,Respiratory System,22010-22060,2013.0,2013.0,Oklahoma,40.0,3318.0,3853405.0,75.0
741,,Respiratory System,22010-22060,2013.0,2013.0,Oregon,41.0,2884.0,3928030.0,60.3
742,,Respiratory System,22010-22060,2013.0,2013.0,Pennsylvania,42.0,11513.0,12783536.0,69.6
743,,Respiratory System,22010-22060,2013.0,2013.0,Rhode Island,44.0,980.0,1052856.0,75.9
744,,Respiratory System,22010-22060,2013.0,2013.0,South Carolina,45.0,4147.0,4768498.0,71.3
745,,Respiratory System,22010-22060,2013.0,2013.0,South Dakota,46.0,654.0,845270.0,64.8
746,,Respiratory System,22010-22060,2013.0,2013.0,Tennessee,47.0,6260.0,6496130.0,81.2
747,,Respiratory System,22010-22060,2013.0,2013.0,Texas,48.0,14286.0,26500674.0,57.6
748,,Respiratory System,22010-22060,2013.0,2013.0,Utah,49.0,680.0,2903685.0,28.9
749,,Respiratory System,22010-22060,2013.0,2013.0,Vermont,50.0,545.0,627129.0,66.1
750,,Respiratory System,22010-22060,2013.0,2013.0,Virginia,51.0,5696.0,8267875.0,62.8
751,,Respiratory System,22010-22060,2013.0,2013.0,Washington,53.0,4515.0,6973281.0,59.0
752,,Respiratory System,22010-22060,2013.0,2013.0,West Virginia,54.0,2236.0,1852985.0,87.8
753,,Respiratory System,22010-22060,2013.0,2013.0,Wisconsin,55.0,4427.0,5743653.0,64.3
754,,Respiratory System,22010-22060,2013.0,2013.0,Wyoming,56.0,287.0,583131.0,43.2
755,,Respiratory System,22010-22060,2014.0,2014.0,Alabama,1.0,4220.0,4846411.0,70.1
756,,Respiratory System,22010-22060,2014.0,2014.0,Alaska,2.0,363.0,737046.0,58.5
757,,Respiratory System,22010-22060,2014.0,2014.0,Arizona,4.0,4100.0,6728783.0,50.0
758,,Respiratory System,22010-22060,2014.0,2014.0,Arkansas,5.0,3034.0,2966835.0,82.6
759,,Respiratory System,22010-22060,2014.0,2014.0,California,6.0,17973.0,38792291.0,44.6
760,,Respiratory System,22010-22060,2014.0,2014.0,Colorado,8.0,2519.0,5355588.0,45.5
761,,Respiratory System,22010-22060,2014.0,2014.0,Connecticut,9.0,2830.0,3594762.0,63.6
762,,Respiratory System,22010-22060,2014.0,2014.0,Delaware,10.0,855.0,935968.0,71.3
763,,Respiratory System,22010-22060,2014.0,2014.0,District Of Columbia,11.0,344.0,659836.0,54.7
764,,Respiratory System,22010-22060,2014.0,2014.0,Florida,12.0,17488.0,19905569.0,61.4
765,,Respiratory System,22010-22060,2014.0,2014.0,Georgia,13.0,7015.0,10097132.0,67.3
766,,Respiratory System,22010-22060,2014.0,2014.0,Hawaii,15.0,818.0,1420257.0,46.5
767,,Respiratory System,22010-22060,2014.0,2014.0,Idaho,16.0,959.0,1634806.0,52.0
768,,Respiratory System,22010-22060,2014.0,2014.0,Illinois,17.0,10220.0,12882189.0,70.2
769,,Respiratory System,22010-22060,2014.0,2014.0,Indiana,18.0,5582.0,6597880.0,73.1
770,,Respiratory System,22010-22060,2014.0,2014.0,Iowa,19.0,2616.0,3109481.0,67.7
771,,Respiratory System,22010-22060,2014.0,2014.0,Kansas,20.0,2108.0,2902507.0,63.6
772,,Respiratory System,22010-22060,2014.0,2014.0,Kentucky,21.0,5230.0,4412617.0,98.1
773,,Respiratory System,22010-22060,2014.0,2014.0,Louisiana,22.0,3894.0,4648990.0,74.9
774,,Respiratory System,22010-22060,2014.0,2014.0,Maine,23.0,1452.0,1330256.0,76.9
775,,Respiratory System,22010-22060,2014.0,2014.0,Maryland,24.0,3979.0,5975346.0,59.1
776,,Respiratory System,22010-22060,2014.0,2014.0,Massachusetts,25.0,5319.0,6755124.0,65.8
777,,Respiratory System,22010-22060,2014.0,2014.0,Michigan,26.0,8352.0,9916306.0,67.7
778,,Respiratory System,22010-22060,2014.0,2014.0,Minnesota,27.0,3561.0,5457125.0,56.3
779,,Respiratory System,22010-22060,2014.0,2014.0,Mississippi,28.0,2780.0,2993443.0,79.7
780,,Respiratory System,22010-22060,2014.0,2014.0,Missouri,29.0,5706.0,6063827.0,76.7
781,,Respiratory System,22010-22060,2014.0,2014.0,Montana,30.0,757.0,1023252.0,56.2
782,,Respiratory System,22010-22060,2014.0,2014.0,Nebraska,31.0,1301.0,1882980.0,60.6
783,,Respiratory System,22010-22060,2014.0,2014.0,Nevada,32.0,1739.0,2838281.0,54.8
784,,Respiratory System,22010-22060,2014.0,2014.0,New Hampshire,33.0,1110.0,1327996.0,64.9
785,,Respiratory System,22010-22060,2014.0,2014.0,New Jersey,34.0,6259.0,8938844.0,59.3
786,,Respiratory System,22010-22060,2014.0,2014.0,New Mexico,35.0,1043.0,2085567.0,41.9
787,,Respiratory System,22010-22060,2014.0,2014.0,New York,36.0,14359.0,19748858.0,61.8
788,,Respiratory System,22010-22060,2014.0,2014.0,North Carolina,37.0,8458.0,9940387.0,72.1
789,,Respiratory System,22010-22060,2014.0,2014.0,North Dakota,38.0,528.0,740040.0,62.8
790,,Respiratory System,22010-22060,2014.0,2014.0,Ohio,39.0,10320.0,11596998.0,71.6
791,,Respiratory System,22010-22060,2014.0,2014.0,Oklahoma,40.0,3361.0,3879610.0,74.5
792,,Respiratory System,22010-22060,2014.0,2014.0,Oregon,41.0,2763.0,3971202.0,56.0
793,,Respiratory System,22010-22060,2014.0,2014.0,Pennsylvania,42.0,11443.0,12793767.0,67.9
794,,Respiratory System,22010-22060,2014.0,2014.0,Rhode Island,44.0,964.0,1054907.0,73.5
795,,Respiratory System,22010-22060,2014.0,2014.0,South Carolina,45.0,4155.0,4829160.0,69.0
796,,Respiratory System,22010-22060,2014.0,2014.0,South Dakota,46.0,621.0,853304.0,60.6
797,,Respiratory System,22010-22060,2014.0,2014.0,Tennessee,47.0,6195.0,6547779.0,78.4
798,,Respiratory System,22010-22060,2014.0,2014.0,Texas,48.0,14239.0,26979078.0,55.4
799,,Respiratory System,22010-22060,2014.0,2014.0,Utah,49.0,684.0,2944498.0,28.2
800,,Respiratory System,22010-22060,2014.0,2014.0,Vermont,50.0,544.0,626767.0,65.8
801,,Respiratory System,22010-22060,2014.0,2014.0,Virginia,51.0,5729.0,8328098.0,61.5
802,,Respiratory System,22010-22060,2014.0,2014.0,Washington,53.0,4636.0,7063166.0,58.7
803,,Respiratory System,22010-22060,2014.0,2014.0,West Virginia,54.0,2163.0,1848751.0,84.0
804,,Respiratory System,22010-22060,2014.0,2014.0,Wisconsin,55.0,4395.0,5759432.0,62.2
805,,Respiratory System,22010-22060,2014.0,2014.0,Wyoming,56.0,329.0,584304.0,48.9
806,---,,,,,,,,,
807,"Dataset: United States and Puerto Rico Cancer Statistics, 1999-2014 Incidence",,,,,,,,,
808,Query Parameters:,,,,,,,,,
809,Title:,,,,,,,,,
810,Age Groups: All,,,,,,,,,
811,Cancer Sites: Respiratory System,,,,,,,,,
812,Ethnicity: All,,,,,,,,,
813,Race: All,,,,,,,,,
814,Sex: All,,,,,,,,,
815,States: All,,,,,,,,,
816,"Year: All, 1999 to 2014",,,,,,,,,
817,"Group By: Cancer Sites, Year, States",,,,,,,,,
818,Show Totals: Disabled,,,,,,,,,
819,Show Zero Values: False,,,,,,,,,
820,Show Suppressed: False,,,,,,,,,
821,"Calculate Rates Per: 100,000",,,,,,,,,
822,Standard Population: 2000 U.S. Std. Million,,,,,,,,,
823,---,,,,,,,,,
824,Help: See http://wonder.cdc.gov/wonder/help/cancer-v2014.html for more information.,,,,,,,,,
825,---,,,,,,,,,
826,"Query Date: Dec 12, 2017 10:37:08 AM",,,,,,,,,
827,---,,,,,,,,,
828,"Suggested Citation: United States Cancer Statistics: 1999 - 2014 Incidence, WONDER Online Database. United States Department of",,,,,,,,,
829,"Health and Human Services, Centers for Disease Control and Prevention and National Cancer Institute; 2016. Accessed at",,,,,,,,,
830,"http://wonder.cdc.gov/cancer-v2014.html on Dec 12, 2017 10:37:08 AM",,,,,,,,,
831,---,,,,,,,,,
832,Messages:,,,,,,,,,
833,1. Rows with zero Count are hidden. Use Quick Options above to show zero rows.,,,,,,,,,
834,---,,,,,,,,,
835,Caveats:,,,,,,,,,
836,"1. 'Not Applicable' is displayed for Population when it is not available, and for Age Adjusted Rates, Crude Rates, 95%",,,,,,,,,
837,"Confidence Interval, and Standard Error when they cannot be calculated due to lack of denominator population.",,,,,,,,,
838,2. 'Missing' is displayed for a combination of states/territories/MSAs and years that did not meet the United States Cancer,,,,,,,,,
839,Statistics (USCS) publication standard or did not allow permission for their data to be used.,,,,,,,,,
840,"3. The ""Show Totals"" checkbox is disabled when data are grouped by Cancer Sites or by Childhood Cancer, because aggregate",,,,,,,,,
841,values are displayed in the table. Also be aware that charts and maps containing both aggregate and detail data could be,,,,,,,,,
842,misleading.,,,,,,,,,
843,4. These states are missing data for the indicated year: Arkansas 1999-2000; District of Columbia 2002; Mississippi 1999-2002;,,,,,,,,,
844,Nevada 2011; South Dakota 1999-2000.,,,,,,,,,
845,5. Data are from selected statewide and metropolitan area cancer registries that meet data quality criteria. Incidence data,,,,,,,,,
846,shown for the United States are diagnoses and populations from included registries only.,,,,,,,,,
847,"6. Information on primary site, behavior, and histology was coded according to the International Classification of Diseases for",,,,,,,,,
848,"Oncology, Third Edition (ICD-O-3) and categorized according to the revised SEER recodes dated January 27, 2003, which define",,,,,,,,,
849,standard groupings of primary cancer sites.,,,,,,,,,
850,"7. For the 2005 year, the Census Bureau estimates that 203,937 persons were displaced from Alabama, Louisiana, Mississippi and",,,,,,,,,
851,Texas due to Hurricanes Katrina and Rita. CDC WONDER does not include the displaced persons in the 2005 population counts for,,,,,,,,,
852,"these states, nor are these counts included in the summary populations for the affected division, regions or national",,,,,,,,,
853,"population. However, the USCS web site does include these displaced persons in the national population figures for 2005.",,,,,,,,,
